Image_Name,M1_Class,M1_Prob,M2_Class,M2_Prob,M3_Class,M3_Prob,M4_Class,M4_Prob,M5_Class,M5_Prob,Ensemble_Class,Ensemble_Prob
test_00001.png,1,0.5621,2,0.3822,1,0.5660,1,0.3292,3,0.5615,3,0.3691
test_00002.png,0,0.9164,0,0.4156,3,0.5020,0,0.4096,0,0.6839,0,0.5427
test_00003.png,0,0.8322,0,0.4783,0,0.4871,0,0.6105,0,0.8745,0,0.7110
test_00004.png,0,0.9773,0,0.5602,0,0.9164,0,0.9060,0,0.9109,0,0.9169
test_00005.png,0,0.9652,0,0.5627,0,0.8493,0,0.7336,0,0.7363,0,0.8204
test_00006.png,4,0.7258,2,0.6589,4,0.5514,2,0.7240,2,0.6387,2,0.5423
test_00007.png,3,0.7317,3,0.7538,3,0.5331,0,0.4988,3,0.5857,3,0.6295
test_00008.png,0,0.9865,0,0.9468,0,0.8853,0,0.9716,0,0.9600,0,0.9630
test_00009.png,0,0.8712,0,0.3587,0,0.5158,2,0.4723,0,0.8556,0,0.6794
test_00010.png,1,0.9666,1,0.5208,1,0.6027,1,0.8964,1,0.5598,1,0.8149
test_00011.png,3,0.6810,3,0.4708,3,0.4580,3,0.4947,3,0.6031,3,0.5904
test_00012.png,0,0.9725,0,0.4832,0,0.7745,0,0.9224,0,0.9156,0,0.8783
test_00013.png,4,0.6023,2,0.3455,4,0.3179,1,0.4931,3,0.3371,4,0.3055
test_00014.png,2,0.6175,3,0.4311,3,0.5971,3,0.6369,3,0.7371,3,0.5627
test_00015.png,3,0.4969,3,0.3553,3,0.4837,3,0.3798,3,0.5783,3,0.4735
test_00016.png,1,0.5481,3,0.5022,3,0.3201,4,0.3201,3,0.5400,3,0.4222
test_00017.png,4,0.8845,2,0.5318,4,0.6801,2,0.6782,4,0.4760,4,0.5232
test_00018.png,0,0.9723,0,0.9022,0,0.7382,0,0.9171,0,0.9802,0,0.9357
test_00019.png,0,0.7433,0,0.3778,2,0.5647,0,0.6709,0,0.7560,0,0.5647
test_00020.png,0,0.8752,0,0.7834,0,0.4257,0,0.5663,0,0.7894,0,0.7351
test_00021.png,2,0.4259,0,0.3181,2,0.4649,2,0.6143,2,0.4384,2,0.4485
test_00022.png,0,0.9065,0,0.4899,0,0.9273,0,0.9822,0,0.9893,0,0.9405
test_00023.png,3,0.7674,3,0.8031,1,0.4320,1,0.5089,3,0.9072,3,0.6833
test_00024.png,3,0.9582,3,0.7235,3,0.6536,3,0.8918,3,0.9847,3,0.9102
test_00025.png,4,0.5246,4,0.6095,2,0.4287,2,0.7411,2,0.6534,2,0.4961
test_00026.png,4,0.6008,2,0.4322,2,0.4213,2,0.5065,4,0.5500,2,0.4535
test_00027.png,0,0.5345,0,0.5225,3,0.5614,3,0.6588,3,0.4459,3,0.4981
test_00028.png,1,0.9764,4,0.3595,1,0.3901,1,0.6065,4,0.3292,1,0.5984
test_00029.png,0,0.9977,0,0.9525,0,0.9693,0,0.9950,0,0.9907,0,0.9899
test_00030.png,0,0.9932,0,0.9241,0,0.8289,0,0.8514,0,0.9539,0,0.9453
test_00031.png,1,0.6307,1,0.5578,4,0.4740,3,0.3247,1,0.6742,1,0.5185
test_00032.png,0,0.8679,0,0.6524,0,0.4974,0,0.9569,0,0.7344,0,0.7970
test_00033.png,0,0.9746,0,0.7746,0,0.8348,0,0.9796,0,0.8813,0,0.9277
test_00034.png,4,0.4296,2,0.3547,2,0.5082,2,0.7646,2,0.6995,2,0.5411
test_00035.png,0,0.9875,0,0.8455,0,0.8969,0,0.9571,0,0.9354,0,0.9503
test_00036.png,0,0.8860,0,0.9864,0,0.9157,0,0.9881,0,0.9916,0,0.9765
test_00037.png,0,0.9164,3,0.4659,3,0.6173,0,0.5569,3,0.8636,3,0.4538
test_00038.png,0,0.8826,3,0.5515,0,0.6651,0,0.8260,0,0.8458,0,0.7616
test_00039.png,1,0.7310,4,0.4462,4,0.6992,4,0.5119,4,0.6363,4,0.5879
test_00040.png,4,0.4311,3,0.5034,4,0.4511,1,0.5790,3,0.6067,3,0.3770
test_00041.png,4,0.7701,1,0.3197,4,0.5797,4,0.5454,4,0.6431,4,0.5990
test_00042.png,3,0.5478,0,0.6535,0,0.6996,0,0.9596,0,0.9018,0,0.8038
test_00043.png,4,0.7847,4,0.5702,2,0.5262,4,0.4399,4,0.5708,4,0.5578
test_00044.png,4,0.4643,2,0.3896,2,0.4756,2,0.7280,2,0.4936,2,0.4313
test_00045.png,3,0.8033,3,0.6483,3,0.5128,3,0.6685,0,0.5951,3,0.6413
test_00046.png,3,0.6018,4,0.4199,4,0.3232,3,0.5078,3,0.8933,3,0.6243
test_00047.png,0,0.9926,0,0.9566,0,0.8670,0,0.9759,0,0.9849,0,0.9746
test_00048.png,3,0.8923,3,0.9351,3,0.6530,3,0.9085,3,0.8269,3,0.8732
test_00049.png,4,0.7129,0,0.3444,0,0.2738,4,0.3012,0,0.8621,0,0.2930
test_00050.png,0,0.9955,0,0.7296,0,0.8716,0,0.9185,0,0.9805,0,0.9546
test_00051.png,4,0.7408,2,0.3542,4,0.4197,2,0.3715,2,0.4066,2,0.3145
test_00052.png,3,0.7296,3,0.3826,3,0.4217,3,0.6121,3,0.5760,3,0.5885
test_00053.png,0,0.9862,0,0.9345,0,0.8269,0,0.8028,0,0.9514,0,0.9346
test_00054.png,0,0.8264,0,0.4446,0,0.6287,0,0.8965,0,0.9646,0,0.8270
test_00055.png,4,0.8296,2,0.6432,4,0.3974,2,0.5640,2,0.4871,2,0.4568
test_00056.png,4,0.8148,4,0.4895,4,0.4622,4,0.5179,2,0.4413,4,0.5556
test_00057.png,0,0.9885,0,0.8425,0,0.7892,0,0.8774,0,0.9481,0,0.9309
test_00058.png,4,0.4485,4,0.4365,2,0.5423,4,0.5178,4,0.4732,4,0.4386
test_00059.png,0,0.8967,0,0.7362,0,0.6621,0,0.6424,0,0.8929,0,0.8098
test_00060.png,0,0.9881,0,0.8527,3,0.4619,0,0.8953,0,0.9439,0,0.9032
test_00061.png,1,0.4873,1,0.2754,1,0.3532,1,0.4124,3,0.7922,3,0.3842
test_00062.png,4,0.7675,4,0.7491,4,0.6507,4,0.6395,4,0.7385,4,0.7340
test_00063.png,0,0.9524,0,0.4271,0,0.8582,0,0.9117,0,0.8837,0,0.8617
test_00064.png,0,0.9980,0,0.8409,0,0.9079,0,0.9611,0,0.9879,0,0.9775
test_00065.png,0,0.9400,0,0.9378,0,0.8909,0,0.9426,0,0.9053,0,0.9474
test_00066.png,3,0.4674,3,0.6303,1,0.3787,3,0.5531,3,0.7345,3,0.6190
test_00067.png,0,0.7108,0,0.7984,0,0.6395,0,0.9204,0,0.8181,0,0.8065
test_00068.png,4,0.9116,4,0.5268,4,0.4510,4,0.3068,4,0.5346,4,0.6249
test_00069.png,1,0.9223,1,0.6549,4,0.5787,1,0.5125,1,0.7199,1,0.6753
test_00070.png,0,0.9882,0,0.7921,0,0.9241,0,0.9753,0,0.9893,0,0.9681
test_00071.png,1,0.5154,1,0.3748,1,0.5500,1,0.7592,1,0.5023,1,0.5750
test_00072.png,0,0.9971,0,0.7735,0,0.9051,0,0.9539,0,0.9904,0,0.9712
test_00073.png,4,0.6776,4,0.4338,2,0.4442,2,0.8176,2,0.6146,2,0.5613
test_00074.png,1,0.8997,1,0.5671,2,0.5404,1,0.5113,2,0.6394,1,0.5685
test_00075.png,0,0.6487,0,0.4251,0,0.4286,0,0.5908,0,0.5056,0,0.6178
test_00076.png,0,0.9861,0,0.9194,0,0.7256,0,0.9674,0,0.9783,0,0.9558
test_00077.png,4,0.8337,2,0.3728,2,0.4679,4,0.4513,4,0.6715,4,0.5510
test_00078.png,0,0.9094,0,0.9564,0,0.8655,0,0.9835,0,0.9309,0,0.9480
test_00079.png,0,0.9960,0,0.8898,0,0.8414,0,0.9770,0,0.9900,0,0.9739
test_00080.png,0,0.9342,0,0.5171,0,0.7543,0,0.7758,0,0.9366,0,0.8365
test_00081.png,4,0.6204,2,0.4976,4,0.4763,2,0.6946,2,0.3993,4,0.3904
test_00082.png,4,0.7512,4,0.3829,4,0.3992,4,0.8655,3,0.3984,4,0.6135
test_00083.png,4,0.7492,2,0.3635,4,0.3848,1,0.4648,4,0.7324,4,0.5386
test_00084.png,0,0.6208,2,0.3050,2,0.2994,2,0.4579,0,0.5082,0,0.3884
test_00085.png,1,0.9458,2,0.3797,1,0.4182,1,0.8726,1,0.5088,1,0.6653
test_00086.png,1,0.8997,2,0.6944,4,0.6325,2,0.7671,4,0.6226,2,0.4143
test_00087.png,3,0.9763,3,0.9281,3,0.6643,3,0.7665,3,0.9355,3,0.9082
test_00088.png,0,0.5888,0,0.7479,0,0.5793,0,0.7927,3,0.5075,0,0.6628
test_00089.png,3,0.5739,3,0.4235,0,0.4346,1,0.6116,0,0.6375,3,0.4898
test_00090.png,4,0.9557,2,0.7360,4,0.8106,4,0.6128,4,0.8354,4,0.7488
test_00091.png,0,0.4980,3,0.5248,0,0.5434,0,0.7509,0,0.5585,0,0.5602
test_00092.png,2,0.7919,2,0.4438,2,0.7641,2,0.4029,0,0.5110,2,0.6157
test_00093.png,0,0.9713,0,0.7584,0,0.7010,0,0.8695,0,0.9695,0,0.9044
test_00094.png,4,0.9503,4,0.5751,4,0.5974,4,0.8191,4,0.6807,4,0.8027
test_00095.png,0,0.9650,0,0.8179,0,0.8897,0,0.9172,0,0.9494,0,0.9277
test_00096.png,0,0.9974,0,0.9318,0,0.7728,0,0.9804,0,0.9897,0,0.9777
test_00097.png,0,0.9266,0,0.9522,0,0.5534,0,0.9101,0,0.9191,0,0.9084
test_00098.png,2,0.5707,2,0.4774,2,0.5259,2,0.8484,2,0.7810,2,0.6648
test_00099.png,2,0.6674,2,0.6135,2,0.4518,2,0.7243,2,0.5253,2,0.6238
test_00100.png,4,0.8593,2,0.5966,2,0.5812,2,0.5359,4,0.4639,4,0.4282
test_00101.png,2,0.7294,0,0.4798,2,0.3540,2,0.4491,0,0.6696,2,0.3817
test_00102.png,2,0.7625,4,0.4352,2,0.6089,2,0.7182,2,0.5332,2,0.6392
test_00103.png,2,0.8601,2,0.5410,2,0.8115,2,0.8449,2,0.5155,2,0.7601
test_00104.png,2,0.5081,0,0.4428,2,0.4893,2,0.7272,2,0.4791,2,0.5648
test_00105.png,0,0.9808,0,0.3960,0,0.8426,0,0.9105,0,0.8898,0,0.8789
test_00106.png,4,0.6224,4,0.5163,4,0.3665,2,0.7347,3,0.2812,2,0.3932
test_00107.png,1,0.7042,2,0.4652,2,0.5778,2,0.8160,2,0.4098,2,0.4363
test_00108.png,0,0.9982,0,0.9187,0,0.9660,0,0.9761,0,0.9845,0,0.9844
test_00109.png,4,0.5088,2,0.3014,2,0.6267,4,0.4279,2,0.4624,4,0.4545
test_00110.png,0,0.9701,0,0.9406,0,0.8775,0,0.9536,0,0.9854,0,0.9611
test_00111.png,4,0.6488,2,0.3789,2,0.4560,2,0.4943,2,0.5150,2,0.4145
test_00112.png,0,0.9851,0,0.9631,0,0.8230,0,0.9850,0,0.9673,0,0.9689
test_00113.png,2,0.5480,2,0.4380,4,0.4458,2,0.8843,3,0.4150,2,0.5958
test_00114.png,0,0.9951,0,0.7862,0,0.9596,0,0.9485,0,0.9583,0,0.9619
test_00115.png,0,0.9968,0,0.6322,0,0.8997,0,0.9699,0,0.9886,0,0.9666
test_00116.png,3,0.8797,3,0.6988,3,0.6704,3,0.8073,3,0.9085,3,0.8398
test_00117.png,3,0.5399,0,0.7005,3,0.4476,0,0.5019,3,0.5021,0,0.4440
test_00118.png,2,0.6482,2,0.5903,2,0.6316,2,0.7762,2,0.3935,2,0.6283
test_00119.png,0,0.8702,0,0.9140,0,0.7030,0,0.9052,0,0.9754,0,0.9132
test_00120.png,0,0.9639,0,0.4551,0,0.9210,0,0.6990,0,0.8622,0,0.8719
test_00121.png,4,0.3238,0,0.4116,2,0.4896,0,0.5972,0,0.6691,0,0.4215
test_00122.png,0,0.9573,0,0.8262,0,0.3616,0,0.6593,0,0.7233,0,0.7700
test_00123.png,0,0.9976,0,0.8116,0,0.9327,0,0.9837,0,0.9764,0,0.9755
test_00124.png,4,0.7617,2,0.6950,4,0.7636,4,0.4764,4,0.7177,4,0.6261
test_00125.png,0,0.9882,0,0.8359,0,0.7241,0,0.8654,0,0.9404,0,0.9188
test_00126.png,3,0.3555,3,0.8194,3,0.6602,3,0.5126,3,0.7536,3,0.6640
test_00127.png,0,0.7163,0,0.6229,0,0.7100,0,0.9346,0,0.8490,0,0.8008
test_00128.png,1,0.8362,2,0.4110,2,0.3593,1,0.4841,2,0.5613,2,0.3680
test_00129.png,3,0.9254,3,0.6353,3,0.4879,3,0.6534,3,0.7884,3,0.7461
test_00130.png,0,0.9859,0,0.6254,0,0.7997,0,0.9143,0,0.9531,0,0.9152
test_00131.png,4,0.8565,2,0.5152,2,0.7007,2,0.6314,2,0.8769,2,0.5849
test_00132.png,4,0.5180,2,0.4046,2,0.3370,2,0.7574,2,0.3580,2,0.4786
test_00133.png,4,0.5164,4,0.4067,4,0.5841,4,0.7972,4,0.4458,4,0.6237
test_00134.png,4,0.8275,4,0.4784,4,0.4922,2,0.4952,4,0.6580,4,0.6117
test_00135.png,2,0.5807,2,0.5360,4,0.5028,2,0.8653,2,0.4707,2,0.6139
test_00136.png,0,0.9978,0,0.7304,0,0.8654,0,0.9475,0,0.9748,0,0.9583
test_00137.png,1,0.9880,2,0.3340,1,0.7380,1,0.8746,2,0.4963,1,0.7610
test_00138.png,0,0.3292,4,0.4941,4,0.4159,4,0.5335,0,0.4883,4,0.3502
test_00139.png,4,0.5070,4,0.4390,2,0.4811,4,0.4905,3,0.3726,4,0.3825
test_00140.png,1,0.9512,4,0.6144,4,0.3989,4,0.5957,4,0.4184,4,0.4589
test_00141.png,0,0.7309,0,0.5990,0,0.5721,0,0.9131,3,0.4377,0,0.6561
test_00142.png,1,0.9807,3,0.3143,1,0.4009,1,0.3469,4,0.3618,1,0.5218
test_00143.png,4,0.8005,4,0.4093,4,0.3559,2,0.3266,3,0.4097,4,0.4450
test_00144.png,1,0.9439,2,0.4440,1,0.4950,2,0.4924,3,0.6073,1,0.3546
test_00145.png,3,0.6607,3,0.5142,3,0.4221,3,0.3864,3,0.4915,3,0.5181
test_00146.png,0,0.8242,0,0.6288,3,0.4204,0,0.5866,0,0.8443,0,0.6667
test_00147.png,4,0.6157,2,0.3116,2,0.4786,4,0.5581,4,0.6966,4,0.5301
test_00148.png,0,0.5209,3,0.6518,0,0.4732,3,0.5693,3,0.5770,3,0.5308
test_00149.png,4,0.9260,4,0.5940,4,0.7508,2,0.9093,4,0.6709,4,0.6364
test_00150.png,0,0.9956,0,0.8895,0,0.9497,0,0.9725,0,0.9959,0,0.9820
test_00151.png,0,0.5824,0,0.8823,0,0.4688,0,0.8045,0,0.8817,0,0.7750
test_00152.png,2,0.9338,2,0.5171,2,0.5362,2,0.5263,0,0.5058,2,0.6340
test_00153.png,0,0.8552,0,0.8365,0,0.5251,0,0.8072,0,0.8548,0,0.8168
test_00154.png,4,0.8341,1,0.4325,1,0.5226,4,0.6268,1,0.7110,4,0.4869
test_00155.png,0,0.9983,0,0.9580,0,0.8529,0,0.9638,0,0.9827,0,0.9788
test_00156.png,0,0.9961,0,0.9866,0,0.9565,0,0.9850,0,0.9938,0,0.9899
test_00157.png,4,0.5885,2,0.6730,4,0.4829,2,0.7248,2,0.5774,2,0.5753
test_00158.png,0,0.8781,0,0.4491,0,0.4282,3,0.5373,0,0.5179,0,0.5560
test_00159.png,2,0.8833,2,0.3894,3,0.4648,2,0.4430,0,0.6587,2,0.3837
test_00160.png,3,0.8140,3,0.5162,3,0.6260,3,0.5737,3,0.7411,3,0.6975
test_00161.png,3,0.9464,3,0.8384,3,0.7707,3,0.6781,3,0.9461,3,0.8868
test_00162.png,4,0.5341,1,0.4972,1,0.3258,2,0.6209,2,0.3581,1,0.3200
test_00163.png,0,0.9923,0,0.7744,0,0.9433,0,0.9532,0,0.9705,0,0.9577
test_00164.png,1,0.4652,0,0.5726,1,0.4961,2,0.3535,1,0.3461,1,0.3513
test_00165.png,3,0.5740,3,0.6294,0,0.6129,0,0.9212,0,0.5872,0,0.6220
test_00166.png,0,0.9933,0,0.7709,0,0.6645,0,0.9593,0,0.9911,0,0.9561
test_00167.png,0,0.9463,3,0.5072,0,0.7378,0,0.9654,0,0.9583,0,0.8852
test_00168.png,0,0.9167,0,0.8125,0,0.5542,0,0.7953,0,0.6546,0,0.7921
test_00169.png,0,0.7466,0,0.5719,0,0.8687,0,0.8834,0,0.8958,0,0.8281
test_00170.png,1,0.5003,4,0.3443,4,0.5268,4,0.6119,4,0.8145,4,0.6003
test_00171.png,1,0.9678,1,0.4753,1,0.5654,1,0.6031,3,0.6429,1,0.6229
test_00172.png,3,0.8385,0,0.7778,3,0.5873,0,0.5059,3,0.5521,3,0.4860
test_00173.png,0,0.9921,0,0.9203,0,0.6274,0,0.9489,0,0.9733,0,0.9503
test_00174.png,1,0.9921,1,0.7252,1,0.6089,1,0.8032,1,0.5587,1,0.8470
test_00175.png,4,0.6970,1,0.4246,4,0.4691,4,0.6406,1,0.6684,4,0.4628
test_00176.png,2,0.2888,2,0.4845,3,0.3860,0,0.5144,3,0.5581,3,0.3205
test_00177.png,0,0.9742,0,0.8033,0,0.6756,0,0.9482,0,0.9612,0,0.9220
test_00178.png,2,0.5800,2,0.5317,2,0.6309,2,0.8577,2,0.5916,2,0.6796
test_00179.png,4,0.9598,4,0.8545,4,0.8973,4,0.9365,4,0.8896,4,0.9227
test_00180.png,0,0.9961,0,0.9747,0,0.9269,0,0.9875,0,0.9913,0,0.9877
test_00181.png,1,0.9615,2,0.3721,2,0.3289,3,0.5495,3,0.5915,1,0.3976
test_00182.png,0,0.9679,0,0.9306,3,0.4727,0,0.8950,0,0.9521,0,0.9063
test_00183.png,4,0.4841,4,0.4079,4,0.6698,4,0.7606,4,0.3998,4,0.6205
test_00184.png,0,0.9979,0,0.9795,0,0.9453,0,0.9930,0,0.9914,0,0.9898
test_00185.png,0,0.9972,0,0.9118,0,0.9354,0,0.9839,0,0.9770,0,0.9800
test_00186.png,4,0.5821,0,0.5058,2,0.5896,4,0.4205,0,0.8069,0,0.4741
test_00187.png,1,0.9725,1,0.8074,1,0.7047,1,0.9586,3,0.6633,1,0.8527
test_00188.png,0,0.9601,0,0.7378,0,0.5853,0,0.9076,0,0.7196,0,0.8355
test_00189.png,0,0.9953,0,0.7087,0,0.9424,0,0.9536,0,0.9624,0,0.9590
test_00190.png,0,0.5417,0,0.7677,0,0.6526,0,0.9609,0,0.8349,0,0.8033
test_00191.png,3,0.6857,0,0.4058,3,0.3752,0,0.4556,3,0.4538,3,0.3907
test_00192.png,0,0.9892,0,0.6919,0,0.8965,0,0.9515,0,0.9236,0,0.9385
test_00193.png,0,0.8986,2,0.4178,0,0.5006,0,0.6565,0,0.8546,0,0.7096
test_00194.png,1,0.7013,0,0.3603,0,0.7013,0,0.3832,0,0.5347,0,0.5127
test_00195.png,0,0.9589,0,0.9263,0,0.7617,0,0.9681,0,0.9589,0,0.9462
test_00196.png,0,0.8734,0,0.8672,0,0.6318,0,0.8264,0,0.9738,0,0.8829
test_00197.png,0,0.9990,0,0.8682,0,0.9875,0,0.9888,0,0.9986,0,0.9925
test_00198.png,0,0.9978,0,0.6967,0,0.9053,0,0.9852,0,0.9763,0,0.9714
test_00199.png,0,0.9470,0,0.7379,0,0.7703,0,0.9592,0,0.9417,0,0.9075
test_00200.png,4,0.5923,4,0.4387,4,0.5595,4,0.5775,3,0.6601,4,0.5061
test_00201.png,4,0.8985,4,0.6748,4,0.5395,4,0.6293,4,0.8382,4,0.7537
test_00202.png,3,0.3743,2,0.2535,2,0.7818,4,0.4588,2,0.5836,2,0.3729
test_00203.png,3,0.7100,2,0.3690,0,0.4262,2,0.7152,0,0.4383,2,0.3969
test_00204.png,3,0.6683,0,0.3885,3,0.6096,0,0.4806,3,0.8089,3,0.6017
test_00205.png,0,0.9770,0,0.9187,0,0.9319,0,0.9455,0,0.9946,0,0.9721
test_00206.png,0,0.9536,0,0.9463,0,0.8556,0,0.8760,0,0.6934,0,0.9039
test_00207.png,0,0.8202,4,0.3775,0,0.4136,0,0.5543,0,0.4887,0,0.5184
test_00208.png,0,0.9912,0,0.9558,0,0.9174,0,0.9750,0,0.9821,0,0.9762
test_00209.png,1,0.5273,4,0.5182,4,0.6098,4,0.6182,4,0.9074,4,0.7055
test_00210.png,3,0.5834,2,0.7159,3,0.3642,2,0.4289,3,0.4229,2,0.3457
test_00211.png,3,0.7369,3,0.5339,3,0.6641,3,0.5085,3,0.7177,3,0.6505
test_00212.png,3,0.4774,3,0.4034,3,0.6407,3,0.8010,3,0.6946,3,0.6416
test_00213.png,2,0.5727,4,0.6512,2,0.6072,2,0.8656,4,0.4511,2,0.5711
test_00214.png,4,0.7121,2,0.4658,2,0.3626,2,0.4614,2,0.4781,2,0.3964
test_00215.png,0,0.5615,2,0.4794,0,0.3637,0,0.5586,0,0.5397,0,0.4735
test_00216.png,1,0.3453,0,0.4565,0,0.4217,4,0.4989,0,0.7726,0,0.4228
test_00217.png,3,0.6708,3,0.9267,3,0.6508,3,0.5084,3,0.8975,3,0.8059
test_00218.png,0,0.9490,0,0.8173,0,0.7249,0,0.9457,0,0.9947,0,0.9447
test_00219.png,0,0.9975,0,0.5715,0,0.9607,0,0.9856,0,0.9934,0,0.9790
test_00220.png,3,0.9935,3,0.8454,3,0.6533,3,0.9527,3,0.9358,3,0.9385
test_00221.png,0,0.5869,1,0.3440,0,0.6182,0,0.4366,0,0.8631,0,0.5891
test_00222.png,0,0.9818,0,0.5610,0,0.7714,0,0.8934,0,0.8575,0,0.8732
test_00223.png,0,0.9342,0,0.5228,0,0.6619,0,0.7981,0,0.7629,0,0.7790
test_00224.png,3,0.3992,4,0.4934,3,0.3167,3,0.4192,3,0.7326,3,0.4458
test_00225.png,0,0.9908,0,0.8487,0,0.6759,0,0.9702,0,0.9956,0,0.9664
test_00226.png,0,0.8512,0,0.5582,0,0.8110,0,0.7885,0,0.9594,0,0.8542
test_00227.png,0,0.9940,0,0.9337,0,0.9219,0,0.9353,0,0.9885,0,0.9734
test_00228.png,0,0.9989,0,0.8929,0,0.8785,0,0.9769,0,0.9941,0,0.9833
test_00229.png,0,0.9729,0,0.7714,0,0.8879,0,0.9641,0,0.9727,0,0.9479
test_00230.png,0,0.8183,0,0.5264,0,0.5252,0,0.7407,0,0.9601,0,0.8120
test_00231.png,3,0.9288,3,0.6347,3,0.5963,3,0.7290,3,0.7282,3,0.7622
test_00232.png,2,0.5758,2,0.5664,2,0.4406,2,0.6623,2,0.4632,2,0.5682
test_00233.png,0,0.9324,0,0.7094,0,0.6696,0,0.9001,0,0.9672,0,0.8838
test_00234.png,0,0.9570,0,0.8592,0,0.9412,0,0.9793,0,0.9906,0,0.9702
test_00235.png,3,0.6370,3,0.4610,0,0.3466,3,0.4781,3,0.7157,3,0.5768
test_00236.png,2,0.6819,2,0.5212,4,0.3341,2,0.4230,2,0.4552,2,0.4835
test_00237.png,4,0.9662,4,0.6131,4,0.5916,4,0.7053,4,0.6611,4,0.7801
test_00238.png,3,0.7113,3,0.3307,2,0.3730,2,0.3789,3,0.6580,3,0.4675
test_00239.png,0,0.9297,0,0.5705,0,0.6618,0,0.9710,0,0.8791,0,0.8646
test_00240.png,0,0.9562,0,0.5108,0,0.4557,0,0.5978,0,0.7309,0,0.7264
test_00241.png,3,0.6756,3,0.5029,3,0.3644,3,0.3417,3,0.6408,3,0.5211
test_00242.png,2,0.5243,0,0.4176,2,0.4201,2,0.5392,3,0.3604,2,0.3993
test_00243.png,0,0.9844,0,0.7722,0,0.8186,0,0.9517,0,0.9642,0,0.9400
test_00244.png,0,0.9806,0,0.8101,0,0.8536,0,0.9733,0,0.9441,0,0.9453
test_00245.png,3,0.8885,3,0.4911,3,0.5444,3,0.5781,3,0.8781,3,0.7348
test_00246.png,2,0.8421,4,0.4470,2,0.5196,2,0.8589,2,0.5326,2,0.6689
test_00247.png,0,0.5259,0,0.5148,0,0.5193,0,0.6658,0,0.5119,0,0.5699
test_00248.png,3,0.9815,3,0.5484,3,0.8547,3,0.9091,3,0.9703,3,0.9240
test_00249.png,2,0.6246,2,0.5422,2,0.4071,2,0.7077,0,0.4556,2,0.5493
test_00250.png,2,0.8385,4,0.3316,4,0.3575,2,0.8570,2,0.7136,2,0.6778
test_00251.png,0,0.9468,0,0.9237,0,0.6895,0,0.8646,0,0.9918,0,0.9385
test_00252.png,3,0.9275,3,0.7270,3,0.7015,3,0.7042,3,0.9215,3,0.8365
test_00253.png,0,0.6662,0,0.5065,0,0.6799,4,0.5889,0,0.6303,0,0.5725
test_00254.png,1,0.7528,3,0.4236,1,0.3751,1,0.6588,4,0.4133,1,0.4018
test_00255.png,3,0.6380,0,0.5644,3,0.5325,3,0.5371,0,0.6557,3,0.4856
test_00256.png,1,0.9976,1,0.7231,1,0.9227,1,0.9876,1,0.8246,1,0.9605
test_00257.png,3,0.3989,2,0.6214,2,0.4155,2,0.6641,3,0.6331,2,0.4420
test_00258.png,4,0.7840,2,0.4459,4,0.5994,2,0.7422,4,0.7492,4,0.5676
test_00259.png,1,0.5447,4,0.2873,3,0.3320,2,0.4281,2,0.3751,1,0.2676
test_00260.png,3,0.8224,3,0.4672,3,0.3410,3,0.5458,3,0.4948,3,0.5753
test_00261.png,4,0.7653,2,0.3828,2,0.4937,2,0.5139,3,0.5205,2,0.4058
test_00262.png,0,0.9953,0,0.9843,0,0.9571,0,0.9913,0,0.9941,0,0.9901
test_00263.png,3,0.5378,0,0.8752,0,0.4006,0,0.7953,0,0.7961,0,0.7204
test_00264.png,0,0.9548,0,0.6909,0,0.9229,0,0.9616,0,0.9416,0,0.9251
test_00265.png,0,0.9885,0,0.9752,0,0.7228,0,0.9690,0,0.9766,0,0.9682
test_00266.png,0,0.9954,0,0.8436,0,0.8541,0,0.9792,0,0.9902,0,0.9746
test_00267.png,1,0.9416,2,0.3862,1,0.6139,1,0.3926,2,0.5338,1,0.5832
test_00268.png,0,0.9393,0,0.4338,0,0.4153,0,0.6992,0,0.6182,0,0.6783
test_00269.png,0,0.6931,0,0.8372,0,0.5650,0,0.9538,0,0.9760,0,0.8825
test_00270.png,0,0.9727,0,0.6537,0,0.8119,0,0.8844,0,0.8959,0,0.8847
test_00271.png,3,0.8884,3,0.8939,3,0.6692,3,0.6281,3,0.9013,3,0.8312
test_00272.png,0,0.9048,3,0.4708,0,0.4786,0,0.6985,0,0.6676,0,0.6490
test_00273.png,4,0.5878,2,0.6986,4,0.6520,2,0.9244,2,0.8681,2,0.7178
test_00274.png,3,0.7688,3,0.5472,0,0.3704,0,0.4120,0,0.5597,3,0.5162
test_00275.png,3,0.9402,3,0.6953,3,0.6072,3,0.8093,3,0.8616,3,0.8285
test_00276.png,0,0.4983,0,0.4667,0,0.2761,2,0.7420,0,0.3739,0,0.3117
test_00277.png,0,0.6966,0,0.5742,0,0.4389,0,0.6632,0,0.9664,0,0.7412
test_00278.png,4,0.4092,4,0.4237,4,0.4166,4,0.8266,4,0.6191,4,0.5923
test_00279.png,0,0.9978,0,0.8947,0,0.9593,0,0.9780,0,0.9889,0,0.9827
test_00280.png,0,0.9941,0,0.8779,0,0.8291,0,0.9958,0,0.9915,0,0.9798
test_00281.png,0,0.9569,0,0.9078,0,0.6253,0,0.7533,0,0.9617,0,0.8936
test_00282.png,4,0.7798,2,0.3873,4,0.3166,4,0.7150,4,0.4133,4,0.5234
test_00283.png,0,0.9837,0,0.8638,0,0.8569,0,0.9771,0,0.9720,0,0.9568
test_00284.png,3,0.4295,4,0.4559,2,0.4372,3,0.3584,2,0.3953,2,0.3509
test_00285.png,0,0.9971,0,0.8693,0,0.9590,0,0.9858,0,0.9975,0,0.9871
test_00286.png,3,0.9622,3,0.8353,3,0.7552,3,0.7395,3,0.8734,3,0.8748
test_00287.png,3,0.6551,0,0.6134,3,0.4884,3,0.3658,3,0.6398,3,0.4885
test_00288.png,0,0.6322,3,0.5531,3,0.4839,0,0.7285,0,0.5933,0,0.4937
test_00289.png,0,0.5575,0,0.5072,0,0.6050,0,0.8368,0,0.7841,0,0.7118
test_00290.png,0,0.6131,0,0.4894,0,0.7140,0,0.4543,0,0.9583,0,0.7148
test_00291.png,4,0.3866,3,0.3689,4,0.3406,4,0.5071,3,0.5310,4,0.3700
test_00292.png,3,0.8699,2,0.4484,3,0.3653,3,0.4184,3,0.5980,3,0.5839
test_00293.png,1,0.9493,1,0.5083,1,0.2714,3,0.4624,3,0.6059,1,0.4799
test_00294.png,0,0.9836,0,0.5522,0,0.6348,0,0.8810,0,0.8355,0,0.8596
test_00295.png,0,0.4345,2,0.4670,1,0.5680,0,0.3883,0,0.5781,0,0.4071
test_00296.png,0,0.9987,0,0.9831,0,0.9589,0,0.9866,0,0.9965,0,0.9922
test_00297.png,3,0.7137,3,0.6192,3,0.5723,3,0.6539,3,0.7506,3,0.6968
test_00298.png,0,0.9963,0,0.8399,0,0.8619,0,0.9881,0,0.9930,0,0.9778
test_00299.png,3,0.6453,3,0.8945,3,0.7012,3,0.4656,3,0.9496,3,0.8273
test_00300.png,0,0.9901,0,0.8006,0,0.8683,0,0.9894,0,0.9746,0,0.9635
test_00301.png,4,0.4925,4,0.6064,4,0.5230,2,0.4068,3,0.6769,4,0.5043
test_00302.png,1,0.8188,1,0.4248,3,0.3678,1,0.2854,3,0.4220,1,0.3058
test_00303.png,2,0.9334,2,0.4607,2,0.6280,2,0.5451,2,0.6595,2,0.6906
test_00304.png,0,0.7934,3,0.5070,0,0.7017,0,0.7978,3,0.6719,0,0.6409
test_00305.png,2,0.6426,2,0.5606,2,0.6790,2,0.7208,2,0.6758,2,0.6860
test_00306.png,4,0.7058,2,0.3280,2,0.4747,2,0.7456,2,0.7849,2,0.5512
test_00307.png,3,0.9913,3,0.9212,3,0.7824,3,0.9355,3,0.9743,3,0.9536
test_00308.png,3,0.8103,3,0.3779,0,0.6339,0,0.7160,0,0.6371,0,0.4821
test_00309.png,0,0.9739,0,0.6456,0,0.8896,0,0.9761,0,0.9277,0,0.9342
test_00310.png,2,0.9816,2,0.7837,2,0.8725,2,0.6131,2,0.9280,2,0.8963
test_00311.png,3,0.7383,0,0.5364,3,0.5898,0,0.6414,0,0.5852,0,0.4582
test_00312.png,2,0.7929,2,0.5028,2,0.4315,2,0.6911,0,0.4510,2,0.6089
test_00313.png,0,0.9707,0,0.8643,0,0.8540,0,0.9735,0,0.9821,0,0.9585
test_00314.png,0,0.8151,3,0.5970,3,0.4498,3,0.5687,0,0.7757,0,0.5148
test_00315.png,0,0.9004,3,0.4896,0,0.6749,0,0.5431,0,0.7341,0,0.6737
test_00316.png,3,0.9539,3,0.7606,3,0.4808,3,0.7502,3,0.7071,3,0.8047
test_00317.png,0,0.9981,0,0.9682,0,0.6751,0,0.9916,0,0.9865,0,0.9820
test_00318.png,0,0.5787,4,0.4377,0,0.4182,2,0.7415,2,0.4231,2,0.3988
test_00319.png,4,0.5955,2,0.4959,2,0.5756,2,0.6471,4,0.4065,2,0.4264
test_00320.png,0,0.8976,0,0.7615,0,0.6033,0,0.6216,0,0.7451,0,0.7586
test_00321.png,3,0.5824,0,0.3926,0,0.5629,0,0.3883,0,0.8762,0,0.5419
test_00322.png,1,0.6867,0,0.9388,0,0.3791,0,0.7328,0,0.7864,0,0.7305
test_00323.png,0,0.7677,3,0.5227,0,0.4700,0,0.7807,0,0.7507,0,0.6408
test_00324.png,1,0.7357,0,0.4144,3,0.3944,3,0.3401,3,0.4369,3,0.3774
test_00325.png,0,0.9882,0,0.7280,0,0.7945,0,0.9568,0,0.9226,0,0.9272
test_00326.png,3,0.8909,3,0.6149,0,0.5194,0,0.6023,0,0.6624,3,0.5541
test_00327.png,3,0.6073,0,0.7235,3,0.4731,0,0.7544,0,0.5329,0,0.6062
test_00328.png,2,0.7716,2,0.4455,2,0.4388,2,0.9215,3,0.5138,2,0.6803
test_00329.png,4,0.7704,4,0.3229,4,0.6700,4,0.6891,4,0.6323,4,0.6665
test_00330.png,1,0.7105,4,0.4302,1,0.5527,1,0.4039,1,0.7094,1,0.5900
test_00331.png,0,0.9988,0,0.8257,0,0.9657,0,0.9688,0,0.9799,0,0.9807
test_00332.png,4,0.8101,1,0.3733,4,0.4397,1,0.4285,4,0.5550,4,0.5216
test_00333.png,3,0.8765,3,0.6585,3,0.4126,3,0.4486,3,0.7940,3,0.6888
test_00334.png,0,0.9242,0,0.7813,0,0.6198,0,0.9452,0,0.9516,0,0.8931
test_00335.png,4,0.8886,0,0.3398,4,0.5578,4,0.6568,4,0.6255,4,0.6565
test_00336.png,0,0.9606,0,0.8168,0,0.8781,0,0.9534,0,0.9428,0,0.9279
test_00337.png,1,0.5530,2,0.4248,2,0.3649,2,0.4144,3,0.4979,3,0.3125
test_00338.png,0,0.5977,2,0.5801,0,0.4280,0,0.6001,0,0.5558,0,0.4892
test_00339.png,0,0.5274,3,0.8401,0,0.4798,3,0.4688,3,0.5840,3,0.5911
test_00340.png,4,0.3602,0,0.3577,0,0.2798,0,0.4769,0,0.6059,0,0.4464
test_00341.png,0,0.9588,0,0.3896,0,0.8112,0,0.8861,0,0.9315,0,0.8659
test_00342.png,3,0.9648,3,0.8441,3,0.5750,3,0.7556,3,0.9325,3,0.8907
test_00343.png,0,0.9819,0,0.8803,0,0.9658,0,0.9837,0,0.9798,0,0.9717
test_00344.png,1,0.8672,2,0.3859,3,0.3120,3,0.4885,0,0.3748,1,0.3340
test_00345.png,1,0.6805,3,0.6071,2,0.3543,2,0.5518,3,0.5318,2,0.3719
test_00346.png,2,0.9197,2,0.6575,2,0.7206,2,0.9676,2,0.9166,2,0.8922
test_00347.png,0,0.9734,0,0.7099,0,0.5934,0,0.7942,0,0.9754,0,0.8834
test_00348.png,3,0.8247,3,0.5576,3,0.7640,3,0.5154,3,0.8994,3,0.7717
test_00349.png,0,0.9808,0,0.9187,0,0.8213,0,0.9484,0,0.9881,0,0.9598
test_00350.png,3,0.6360,0,0.6308,3,0.6076,3,0.5289,3,0.5980,3,0.5300
test_00351.png,0,0.3058,0,0.4964,2,0.4989,2,0.6142,0,0.5647,0,0.3432
test_00352.png,0,0.9950,0,0.7674,0,0.5375,0,0.8656,0,0.9295,0,0.9063
test_00353.png,0,0.9921,0,0.7939,0,0.8967,0,0.9531,0,0.9275,0,0.9466
test_00354.png,0,0.9934,0,0.7479,0,0.9243,0,0.9782,0,0.9830,0,0.9692
test_00355.png,4,0.9016,4,0.7461,4,0.6702,4,0.9195,4,0.8311,4,0.8532
test_00356.png,0,0.9793,0,0.4925,0,0.4632,0,0.6687,0,0.8268,0,0.7786
test_00357.png,1,0.7317,4,0.2759,1,0.3588,1,0.4639,4,0.7364,1,0.4169
test_00358.png,2,0.5207,4,0.5885,2,0.3819,2,0.5361,4,0.3473,2,0.3940
test_00359.png,0,0.9868,0,0.5647,0,0.5744,0,0.8241,0,0.7832,0,0.8330
test_00360.png,0,0.9980,0,0.9871,0,0.9671,0,0.9899,0,0.9924,0,0.9925
test_00361.png,3,0.8086,3,0.7854,3,0.6195,3,0.6155,3,0.9520,3,0.8244
test_00362.png,0,0.8846,0,0.9399,0,0.7376,0,0.9649,0,0.9836,0,0.9387
test_00363.png,4,0.8437,4,0.5303,4,0.7528,4,0.7667,2,0.6041,4,0.6721
test_00364.png,4,0.7731,2,0.3983,4,0.6422,2,0.9133,2,0.5019,2,0.4920
test_00365.png,2,0.6013,2,0.5597,2,0.6753,2,0.8642,2,0.5043,2,0.6808
test_00366.png,4,0.9732,4,0.5523,4,0.8073,4,0.8360,4,0.7638,4,0.8441
test_00367.png,0,0.9510,0,0.5405,0,0.6397,0,0.8850,0,0.9798,0,0.8924
test_00368.png,0,0.7782,2,0.6657,0,0.5302,0,0.6162,0,0.9002,0,0.6255
test_00369.png,4,0.6583,2,0.4637,2,0.5492,2,0.7343,2,0.6618,2,0.5535
test_00370.png,1,0.9691,1,0.3339,1,0.4776,1,0.7850,1,0.5042,1,0.7055
test_00371.png,2,0.5819,2,0.4417,3,0.5343,2,0.7164,2,0.4420,2,0.4828
test_00372.png,0,0.9974,0,0.7563,0,0.8130,0,0.9660,0,0.9910,0,0.9679
test_00373.png,1,0.9727,1,0.6994,1,0.5207,1,0.8291,3,0.4937,1,0.7702
test_00374.png,0,0.9525,0,0.5726,0,0.5837,0,0.8057,0,0.9250,0,0.8461
test_00375.png,0,0.6571,0,0.6738,0,0.7783,0,0.8392,0,0.8968,0,0.7969
test_00376.png,0,0.8855,0,0.8662,0,0.7419,0,0.7835,0,0.9605,0,0.8813
test_00377.png,0,0.5762,3,0.6789,3,0.5403,3,0.7729,3,0.7662,3,0.6747
test_00378.png,0,0.9959,0,0.8539,0,0.4471,0,0.7885,0,0.9001,0,0.9023
test_00379.png,2,0.4991,2,0.5998,0,0.3900,2,0.5787,2,0.5062,2,0.5253
test_00380.png,0,0.9896,0,0.9122,0,0.9680,0,0.9934,0,0.9789,0,0.9814
test_00381.png,0,0.9039,0,0.8876,0,0.6927,0,0.9434,0,0.9800,0,0.9209
test_00382.png,0,0.8118,3,0.5122,0,0.4417,3,0.5130,3,0.4989,0,0.4986
test_00383.png,0,0.8636,0,0.8322,0,0.9234,0,0.9669,0,0.9736,0,0.9397
test_00384.png,4,0.4650,0,0.4219,4,0.4834,2,0.3770,0,0.7711,4,0.2867
test_00385.png,0,0.9875,0,0.4393,0,0.8356,0,0.7339,0,0.9044,0,0.8725
test_00386.png,0,0.9814,0,0.5469,0,0.8189,0,0.9174,0,0.8314,0,0.8813
test_00387.png,3,0.7922,3,0.6934,3,0.6617,3,0.6904,3,0.6422,3,0.7515
test_00388.png,0,0.9761,0,0.7019,0,0.6444,0,0.9288,0,0.9602,0,0.9039
test_00389.png,0,0.8975,0,0.5444,0,0.6746,0,0.9753,0,0.7546,0,0.8348
test_00390.png,1,0.3387,2,0.4356,2,0.3819,2,0.6695,2,0.4329,2,0.4810
test_00391.png,1,0.9965,1,0.8728,1,0.8630,1,0.8177,1,0.5927,1,0.9105
test_00392.png,4,0.5828,4,0.4305,0,0.3124,4,0.3552,0,0.4597,4,0.4092
test_00393.png,2,0.5480,2,0.5035,4,0.3415,2,0.8398,2,0.5831,2,0.6174
test_00394.png,0,0.9916,0,0.9261,0,0.8175,0,0.9618,0,0.9758,0,0.9645
test_00395.png,2,0.5687,2,0.6015,2,0.4198,2,0.6166,2,0.7117,2,0.6154
test_00396.png,0,0.8404,0,0.6836,0,0.6550,0,0.6021,0,0.7845,0,0.7408
test_00397.png,2,0.8687,2,0.5939,2,0.5670,2,0.9774,2,0.8757,2,0.8490
test_00398.png,3,0.8546,3,0.7316,3,0.6045,3,0.5293,3,0.7700,3,0.7338
test_00399.png,0,0.8879,0,0.7177,0,0.7233,0,0.9189,0,0.8919,0,0.8499
test_00400.png,0,0.9699,0,0.8854,0,0.7185,0,0.9268,0,0.9790,0,0.9331
test_00401.png,3,0.5730,3,0.5048,3,0.4527,3,0.3991,3,0.7333,3,0.5807
test_00402.png,0,0.7762,0,0.7717,0,0.5587,0,0.4417,0,0.8969,0,0.7302
test_00403.png,0,0.9009,0,0.7622,0,0.7027,0,0.8969,0,0.7067,0,0.8252
test_00404.png,3,0.4204,0,0.4308,3,0.3948,4,0.3926,3,0.7126,3,0.4394
test_00405.png,0,0.7920,2,0.4531,2,0.4392,0,0.6862,0,0.9285,0,0.6897
test_00406.png,3,0.8119,3,0.6750,3,0.6688,3,0.7148,3,0.9268,3,0.8041
test_00407.png,4,0.4655,4,0.4039,2,0.4900,4,0.5657,2,0.5462,4,0.3604
test_00408.png,0,0.4352,0,0.4864,2,0.3605,2,0.6124,2,0.3047,2,0.3106
test_00409.png,0,0.9198,0,0.3811,0,0.6290,0,0.6548,0,0.8413,0,0.7290
test_00410.png,0,0.9973,0,0.8967,0,0.6767,0,0.9889,0,0.9695,0,0.9686
test_00411.png,4,0.7508,4,0.4230,1,0.4042,1,0.6376,4,0.7184,4,0.5122
test_00412.png,0,0.7285,0,0.3840,3,0.3798,0,0.6487,0,0.6979,0,0.5921
test_00413.png,0,0.9822,0,0.8777,0,0.9514,0,0.9490,0,0.9621,0,0.9565
test_00414.png,4,0.9033,4,0.3270,0,0.4210,4,0.3985,0,0.5895,4,0.4342
test_00415.png,4,0.4604,1,0.3735,4,0.4744,4,0.5162,2,0.3670,4,0.4286
test_00416.png,1,0.9713,1,0.2530,3,0.4115,1,0.7861,3,0.5958,1,0.6065
test_00417.png,0,0.9723,0,0.7875,0,0.8467,0,0.8948,0,0.9525,0,0.9233
test_00418.png,4,0.5914,2,0.4470,2,0.5939,2,0.5525,0,0.4250,2,0.4805
test_00419.png,0,0.9973,0,0.8506,0,0.9612,0,0.9916,0,0.9724,0,0.9811
test_00420.png,0,0.9765,0,0.9467,0,0.7517,0,0.9513,0,0.9650,0,0.9492
test_00421.png,0,0.8403,3,0.5519,0,0.6615,0,0.5204,0,0.8728,0,0.6648
test_00422.png,4,0.7601,1,0.4161,4,0.5106,4,0.5664,2,0.3601,4,0.5079
test_00423.png,0,0.9372,0,0.3519,0,0.7482,0,0.8173,0,0.8666,0,0.7997
test_00424.png,0,0.9982,0,0.7348,0,0.8935,0,0.9317,0,0.9870,0,0.9653
test_00425.png,0,0.9477,0,0.7346,0,0.8854,0,0.8809,0,0.9130,0,0.9080
test_00426.png,3,0.7522,3,0.8244,0,0.6162,3,0.5804,3,0.6028,3,0.6462
test_00427.png,3,0.7633,3,0.6457,3,0.5355,4,0.3878,3,0.5675,3,0.5891
test_00428.png,4,0.4591,4,0.5401,2,0.5758,4,0.5525,4,0.4881,4,0.4747
test_00429.png,0,0.9854,0,0.7465,0,0.8504,0,0.9736,0,0.8897,0,0.9324
test_00430.png,0,0.9979,0,0.8965,0,0.7689,0,0.8882,0,0.9808,0,0.9586
test_00431.png,0,0.9954,0,0.9133,0,0.8099,0,0.9499,0,0.9818,0,0.9669
test_00432.png,0,0.5599,3,0.6315,3,0.4330,3,0.3632,1,0.5628,3,0.4295
test_00433.png,0,0.7972,2,0.5248,0,0.6706,0,0.6952,0,0.9290,0,0.7181
test_00434.png,0,0.6879,2,0.5083,0,0.4348,2,0.4935,2,0.5387,0,0.4143
test_00435.png,0,0.4337,2,0.3507,3,0.4800,0,0.4263,3,0.4030,3,0.3484
test_00436.png,0,0.7145,0,0.6623,0,0.6669,0,0.8194,0,0.9085,0,0.7928
test_00437.png,1,0.6480,3,0.4952,3,0.4829,1,0.7380,3,0.7832,3,0.5005
test_00438.png,0,0.5499,0,0.5578,2,0.5565,0,0.7905,0,0.6852,0,0.5923
test_00439.png,0,0.4714,0,0.3564,0,0.4511,3,0.4466,0,0.4920,0,0.4231
test_00440.png,0,0.9973,0,0.9354,0,0.9595,0,0.9925,0,0.9987,0,0.9923
test_00441.png,1,0.8250,0,0.5255,3,0.4694,1,0.5139,3,0.5326,1,0.3321
test_00442.png,3,0.6994,0,0.4054,4,0.3393,3,0.3660,3,0.7214,3,0.5142
test_00443.png,2,0.6931,2,0.6247,2,0.7199,2,0.9434,2,0.8224,2,0.8124
test_00444.png,0,0.6930,2,0.4410,0,0.5691,0,0.8625,0,0.6921,0,0.6685
test_00445.png,0,0.9869,0,0.8833,0,0.8099,0,0.9451,0,0.9177,0,0.9345
test_00446.png,0,0.9718,0,0.3796,0,0.9692,0,0.8646,0,0.9461,0,0.9118
test_00447.png,2,0.8388,2,0.4720,2,0.6071,2,0.9232,2,0.8448,2,0.7973
test_00448.png,4,0.7634,2,0.5178,4,0.3358,2,0.7254,4,0.5021,4,0.4199
test_00449.png,0,0.6948,3,0.4538,3,0.3377,3,0.5834,3,0.7011,3,0.4876
test_00450.png,0,0.9833,0,0.9081,0,0.7481,0,0.9638,0,0.9468,0,0.9471
test_00451.png,1,0.5228,2,0.2663,4,0.4905,1,0.5466,1,0.6076,1,0.4550
test_00452.png,0,0.9929,0,0.6211,0,0.8591,0,0.9564,0,0.9441,0,0.9378
test_00453.png,1,0.9982,1,0.6422,1,0.8068,1,0.9274,1,0.9608,1,0.9508
test_00454.png,1,0.4788,4,0.3570,2,0.4237,2,0.4482,4,0.3618,1,0.3090
test_00455.png,0,0.8996,0,0.7371,0,0.7961,0,0.8969,0,0.9588,0,0.8937
test_00456.png,1,0.6626,2,0.6262,2,0.3712,2,0.6795,2,0.5345,2,0.5143
test_00457.png,4,0.7016,4,0.4830,4,0.5637,4,0.7875,3,0.7063,4,0.5883
test_00458.png,4,0.6704,4,0.5527,4,0.7195,2,0.6926,4,0.8687,4,0.6476
test_00459.png,4,0.6318,0,0.3179,4,0.3065,0,0.3099,0,0.6990,0,0.3417
test_00460.png,0,0.7796,2,0.6045,0,0.4800,0,0.6694,0,0.4762,0,0.5553
test_00461.png,3,0.5871,2,0.5924,3,0.5069,2,0.6399,2,0.4686,2,0.4506
test_00462.png,0,0.9901,0,0.7719,0,0.7980,0,0.9363,0,0.9934,0,0.9551
test_00463.png,1,0.9347,2,0.3671,4,0.6041,4,0.5392,4,0.4963,4,0.4366
test_00464.png,0,0.9957,0,0.8182,0,0.8874,0,0.9779,0,0.9637,0,0.9666
test_00465.png,3,0.7787,3,0.7023,3,0.5102,3,0.5167,3,0.8393,3,0.7100
test_00466.png,3,0.9766,3,0.8385,3,0.7128,3,0.8510,3,0.7715,3,0.8833
test_00467.png,3,0.8161,3,0.7891,3,0.4918,3,0.8096,3,0.7869,3,0.7818
test_00468.png,0,0.9836,0,0.7782,0,0.8133,0,0.9674,0,0.9744,0,0.9507
test_00469.png,0,0.9893,0,0.8973,0,0.8812,0,0.9758,0,0.9849,0,0.9704
test_00470.png,3,0.9347,3,0.4755,3,0.5863,3,0.4984,3,0.7652,3,0.7203
test_00471.png,2,0.3632,2,0.7935,2,0.5322,2,0.8604,2,0.8148,2,0.7564
test_00472.png,3,0.7415,3,0.5011,2,0.3072,3,0.5194,2,0.5898,3,0.5008
test_00473.png,0,0.9842,0,0.8654,0,0.6929,0,0.9843,0,0.9690,0,0.9503
test_00474.png,3,0.8454,3,0.7066,3,0.5485,3,0.3954,3,0.8692,3,0.7124
test_00475.png,1,0.7276,0,0.5270,0,0.4712,3,0.4079,3,0.7713,3,0.5404
test_00476.png,2,0.5241,2,0.5173,2,0.6265,2,0.5249,2,0.6681,2,0.6229
test_00477.png,4,0.6358,2,0.7637,2,0.6678,2,0.7468,2,0.9283,2,0.7162
test_00478.png,0,0.9966,0,0.9110,0,0.7725,0,0.8227,0,0.9884,0,0.9583
test_00479.png,0,0.9871,0,0.8336,0,0.6395,0,0.9655,0,0.9458,0,0.9364
test_00480.png,0,0.7681,3,0.6115,0,0.6678,0,0.6636,0,0.6122,0,0.5900
test_00481.png,1,0.7359,2,0.3942,4,0.5018,2,0.6896,3,0.3259,2,0.3051
test_00482.png,2,0.4922,2,0.4447,2,0.5457,4,0.5329,2,0.5570,2,0.4858
test_00483.png,0,0.9682,0,0.7002,0,0.7229,0,0.4762,3,0.5550,0,0.7274
test_00484.png,0,0.7877,2,0.4464,2,0.4671,0,0.4745,2,0.5869,2,0.4370
test_00485.png,3,0.9737,3,0.8663,3,0.7141,3,0.9358,3,0.9250,3,0.9180
test_00486.png,0,0.9936,0,0.8490,0,0.8763,0,0.9741,0,0.8914,0,0.9529
test_00487.png,0,0.9403,0,0.4783,3,0.4078,0,0.3962,0,0.6900,0,0.6178
test_00488.png,0,0.6207,2,0.4141,3,0.5281,0,0.5848,0,0.7616,0,0.4903
test_00489.png,2,0.6481,2,0.4068,2,0.4675,2,0.9424,2,0.8639,2,0.7440
test_00490.png,4,0.8174,4,0.6985,2,0.4932,2,0.5145,4,0.6612,4,0.6186
test_00491.png,0,0.9542,0,0.9591,0,0.8307,0,0.8632,0,0.9539,0,0.9367
test_00492.png,3,0.9557,3,0.8016,3,0.5453,3,0.8430,3,0.8823,3,0.8854
test_00493.png,0,0.9360,0,0.6098,0,0.5879,0,0.6793,0,0.7133,0,0.7596
test_00494.png,0,0.9960,0,0.8347,0,0.9026,0,0.9504,0,0.9919,0,0.9722
test_00495.png,2,0.3293,3,0.4169,1,0.3408,4,0.3601,3,0.4940,4,0.3690
test_00496.png,1,0.9727,1,0.8231,4,0.5645,1,0.7656,1,0.6160,1,0.7836
test_00497.png,0,0.8611,0,0.5959,0,0.7697,0,0.6616,0,0.6960,0,0.7574
test_00498.png,0,0.9951,0,0.7716,0,0.8875,0,0.9010,0,0.9733,0,0.9496
test_00499.png,1,0.9555,1,0.6790,4,0.3821,1,0.7858,1,0.7963,1,0.7877
test_00500.png,3,0.8160,3,0.7111,0,0.5438,0,0.7891,0,0.6162,3,0.5130
test_00501.png,0,0.9944,0,0.8411,0,0.9350,0,0.9761,0,0.9940,0,0.9782
test_00502.png,3,0.8686,3,0.6032,3,0.6216,3,0.5220,3,0.9013,3,0.7577
test_00503.png,0,0.9796,0,0.7760,0,0.8038,0,0.9821,0,0.9866,0,0.9552
test_00504.png,4,0.4534,3,0.4902,3,0.6202,2,0.4160,2,0.6364,3,0.4130
test_00505.png,0,0.9927,0,0.9328,0,0.9184,0,0.9885,0,0.9929,0,0.9812
test_00506.png,0,0.9404,0,0.8736,0,0.5034,0,0.7876,0,0.9355,0,0.8628
test_00507.png,0,0.7794,0,0.5504,0,0.5149,0,0.8820,3,0.5837,0,0.6697
test_00508.png,1,0.8982,1,0.6096,1,0.5046,1,0.8943,1,0.7312,1,0.7679
test_00509.png,0,0.5394,0,0.5639,3,0.4322,2,0.4081,3,0.4841,3,0.4223
test_00510.png,0,0.9204,0,0.8500,3,0.4979,0,0.9240,0,0.8075,0,0.8253
test_00511.png,1,0.9934,4,0.6037,1,0.6070,1,0.6656,4,0.6664,1,0.7063
test_00512.png,1,0.9925,2,0.4185,1,0.5772,2,0.4975,2,0.8615,1,0.6102
test_00513.png,0,0.9886,0,0.9711,0,0.8845,0,0.9931,0,0.9847,0,0.9819
test_00514.png,0,0.9286,3,0.5000,3,0.5311,3,0.5617,3,0.6576,0,0.5361
test_00515.png,4,0.9945,4,0.7502,4,0.7890,4,0.9714,4,0.8971,4,0.9397
test_00516.png,4,0.8479,4,0.6361,4,0.4213,4,0.4941,4,0.4767,4,0.6241
test_00517.png,4,0.5889,4,0.3795,4,0.3806,2,0.5283,3,0.4568,2,0.3419
test_00518.png,0,0.9671,0,0.8475,0,0.8378,0,0.8642,0,0.9598,0,0.9269
test_00519.png,4,0.7007,3,0.3241,1,0.4042,1,0.4227,3,0.6037,3,0.3245
test_00520.png,0,0.9984,0,0.9346,0,0.9530,0,0.9780,0,0.9805,0,0.9840
test_00521.png,0,0.9930,0,0.9122,0,0.7798,0,0.9699,0,0.9802,0,0.9664
test_00522.png,0,0.9791,0,0.9210,0,0.5049,0,0.9312,0,0.9549,0,0.9186
test_00523.png,1,0.5507,3,0.2377,1,0.3986,0,0.2506,0,0.4935,1,0.2719
test_00524.png,1,0.9775,1,0.3446,1,0.7971,1,0.4602,1,0.6514,1,0.7735
test_00525.png,1,0.3595,2,0.7366,3,0.3712,3,0.3804,2,0.6021,2,0.4665
test_00526.png,0,0.9975,0,0.8172,0,0.9643,0,0.9717,0,0.9865,0,0.9797
test_00527.png,0,0.8935,2,0.4429,0,0.8145,0,0.9003,0,0.8560,0,0.8053
test_00528.png,3,0.8367,3,0.4954,3,0.5289,3,0.3846,3,0.4395,3,0.6007
test_00529.png,1,0.6508,2,0.4960,2,0.4048,2,0.6926,2,0.6864,2,0.5239
test_00530.png,0,0.9794,0,0.8879,0,0.8474,0,0.9860,0,0.9647,0,0.9584
test_00531.png,2,0.6003,2,0.5189,2,0.5701,2,0.7249,3,0.5022,2,0.5752
test_00532.png,2,0.7548,2,0.6899,2,0.4965,2,0.7915,2,0.6749,2,0.7017
test_00533.png,1,0.9935,1,0.3460,1,0.4558,1,0.5123,1,0.4675,1,0.7224
test_00534.png,0,0.9862,0,0.8676,0,0.6258,0,0.9001,0,0.9866,0,0.9413
test_00535.png,1,0.6593,2,0.5590,2,0.2357,3,0.5012,2,0.3288,2,0.2951
test_00536.png,4,0.4782,2,0.7062,2,0.5123,2,0.8331,2,0.8860,2,0.7307
test_00537.png,0,0.9960,0,0.7168,0,0.8933,0,0.9576,0,0.9922,0,0.9685
test_00538.png,0,0.9951,0,0.7723,0,0.9361,0,0.7973,0,0.9772,0,0.9490
test_00539.png,0,0.9971,0,0.9234,0,0.8762,0,0.9802,0,0.9922,0,0.9793
test_00540.png,2,0.7835,2,0.7297,2,0.8419,2,0.8895,2,0.9064,2,0.8532
test_00541.png,1,0.6997,3,0.3814,1,0.5588,1,0.6947,3,0.3868,1,0.4524
test_00542.png,3,0.9295,3,0.8763,3,0.6543,3,0.7753,3,0.8669,3,0.8680
test_00543.png,4,0.5122,4,0.7300,4,0.6016,0,0.4863,4,0.7053,4,0.5693
test_00544.png,0,0.9952,0,0.8834,0,0.9229,0,0.9828,0,0.9866,0,0.9809
test_00545.png,2,0.4828,2,0.4954,2,0.4976,2,0.8872,2,0.6024,2,0.6373
test_00546.png,4,0.4328,4,0.6754,4,0.4402,2,0.5711,2,0.3822,4,0.4699
test_00547.png,1,0.3105,2,0.7353,2,0.5779,2,0.7125,2,0.4331,2,0.5676
test_00548.png,0,0.6023,0,0.4017,3,0.3610,2,0.3747,3,0.5810,0,0.3967
test_00549.png,4,0.5523,4,0.5198,4,0.4981,2,0.6867,0,0.4333,2,0.4134
test_00550.png,0,0.9636,0,0.9169,0,0.7560,0,0.8670,0,0.9454,0,0.9230
test_00551.png,2,0.8307,0,0.7211,0,0.6186,0,0.7690,0,0.8428,0,0.6460
test_00552.png,3,0.6370,0,0.3769,3,0.6434,0,0.4956,3,0.6195,3,0.4868
test_00553.png,0,0.9877,0,0.9093,0,0.7960,0,0.9483,0,0.9804,0,0.9560
test_00554.png,0,0.9865,0,0.9609,0,0.8573,0,0.9749,0,0.9858,0,0.9741
test_00555.png,4,0.8780,4,0.6287,4,0.4221,2,0.5099,2,0.4972,4,0.5606
test_00556.png,0,0.9937,0,0.9054,0,0.9419,0,0.9614,0,0.9941,0,0.9786
test_00557.png,3,0.7316,3,0.5763,3,0.5778,3,0.7086,3,0.9738,3,0.8026
test_00558.png,2,0.3726,0,0.4771,2,0.5174,0,0.6278,0,0.8309,0,0.5326
test_00559.png,0,0.9838,0,0.9385,0,0.6951,0,0.9706,0,0.9799,0,0.9592
test_00560.png,3,0.5743,3,0.7830,3,0.5196,0,0.8464,0,0.7181,0,0.5256
test_00561.png,0,0.9633,0,0.8430,0,0.6495,0,0.9629,0,0.8198,0,0.8961
test_00562.png,0,0.6350,0,0.8208,0,0.9280,0,0.9867,0,0.9787,0,0.9363
test_00563.png,2,0.6433,2,0.3574,2,0.6013,2,0.7063,2,0.8896,2,0.7032
test_00564.png,0,0.8405,0,0.4867,0,0.3661,0,0.6737,0,0.7502,0,0.6553
test_00565.png,3,0.6830,3,0.4740,3,0.5699,3,0.5520,3,0.5568,3,0.6188
test_00566.png,0,0.9782,0,0.8060,0,0.5143,0,0.9618,0,0.9535,0,0.9185
test_00567.png,2,0.6284,2,0.5216,3,0.3361,2,0.5076,3,0.6424,2,0.4716
test_00568.png,0,0.9800,0,0.8130,0,0.8005,0,0.9393,0,0.9917,0,0.9495
test_00569.png,3,0.9767,3,0.8502,3,0.6684,3,0.7465,3,0.8744,3,0.8739
test_00570.png,0,0.9939,0,0.9450,0,0.9132,0,0.9912,0,0.9950,0,0.9849
test_00571.png,3,0.3792,3,0.3965,3,0.4120,2,0.3640,2,0.4737,3,0.3761
test_00572.png,0,0.9954,0,0.7359,0,0.9352,0,0.9740,0,0.9879,0,0.9738
test_00573.png,0,0.9982,0,0.9894,0,0.9257,0,0.9928,0,0.9946,0,0.9919
test_00574.png,0,0.9983,0,0.5092,0,0.9313,0,0.9798,0,0.9870,0,0.9710
test_00575.png,0,0.9227,3,0.5070,0,0.7529,0,0.8777,0,0.7781,0,0.7775
test_00576.png,3,0.4394,4,0.4472,0,0.2985,2,0.4906,3,0.5028,3,0.3245
test_00577.png,1,0.3627,0,0.3869,3,0.3475,1,0.3846,0,0.4958,1,0.3017
test_00578.png,4,0.9024,4,0.6487,4,0.5009,4,0.4887,4,0.5146,4,0.6511
test_00579.png,3,0.7115,0,0.6040,3,0.5683,3,0.4319,0,0.3370,3,0.4257
test_00580.png,1,0.5916,4,0.3928,1,0.5723,1,0.4691,1,0.5594,1,0.5514
test_00581.png,2,0.4248,0,0.4575,0,0.5835,0,0.6322,0,0.8191,0,0.5904
test_00582.png,0,0.9970,0,0.9218,0,0.9772,0,0.9904,0,0.9936,0,0.9886
test_00583.png,0,0.7722,0,0.5018,0,0.4355,0,0.5920,0,0.5594,0,0.5861
test_00584.png,1,0.9949,1,0.6212,1,0.8358,1,0.9835,1,0.8937,1,0.9435
test_00585.png,4,0.7254,2,0.5111,4,0.4346,2,0.5359,4,0.5713,4,0.5129
test_00586.png,0,0.9987,0,0.9852,0,0.9436,0,0.9847,0,0.9937,0,0.9919
test_00587.png,2,0.6842,2,0.6191,2,0.6063,2,0.6872,2,0.5058,2,0.6464
test_00588.png,4,0.3981,2,0.4983,2,0.4144,2,0.7204,2,0.6642,2,0.5583
test_00589.png,3,0.9570,3,0.5767,3,0.7107,3,0.7289,3,0.8098,3,0.8117
test_00590.png,0,0.9948,0,0.6411,0,0.7899,0,0.9323,0,0.9868,0,0.9461
test_00591.png,0,0.9742,0,0.9458,0,0.8441,0,0.9707,0,0.9775,0,0.9604
test_00592.png,3,0.9532,3,0.8858,3,0.8143,3,0.9210,3,0.9662,3,0.9386
test_00593.png,1,0.4979,3,0.6530,3,0.5030,3,0.4751,3,0.4747,3,0.5315
test_00594.png,0,0.9928,0,0.8238,0,0.9761,0,0.9922,0,0.9892,0,0.9815
test_00595.png,0,0.9228,0,0.7004,0,0.4592,0,0.6569,0,0.7875,0,0.7512
test_00596.png,0,0.9355,0,0.6313,3,0.4123,0,0.8732,0,0.8912,0,0.8010
test_00597.png,0,0.9971,0,0.9518,0,0.8745,0,0.9837,0,0.9924,0,0.9835
test_00598.png,0,0.9986,0,0.9848,0,0.9805,0,0.9900,0,0.9969,0,0.9948
test_00599.png,1,0.8793,4,0.6778,4,0.5375,4,0.4293,4,0.4841,4,0.5065
test_00600.png,3,0.6326,3,0.6603,1,0.3794,2,0.4580,3,0.7428,3,0.5615
test_00601.png,0,0.8406,4,0.2913,0,0.5275,0,0.5403,0,0.4119,0,0.5551
test_00602.png,0,0.9987,0,0.8782,0,0.9657,0,0.9865,0,0.9931,0,0.9868
test_00603.png,0,0.9965,0,0.9710,0,0.9203,0,0.9705,0,0.9964,0,0.9853
test_00604.png,1,0.8139,2,0.3688,4,0.5234,4,0.5851,4,0.5464,4,0.4928
test_00605.png,2,0.6535,2,0.4853,4,0.4530,2,0.4553,2,0.5310,2,0.5053
test_00606.png,0,0.9973,0,0.8291,0,0.8216,0,0.9279,0,0.9918,0,0.9653
test_00607.png,0,0.9870,0,0.4640,0,0.7940,0,0.9459,0,0.9799,0,0.9287
test_00608.png,0,0.8909,0,0.7171,0,0.8758,0,0.9704,0,0.9867,0,0.9334
test_00609.png,1,0.5332,4,0.5907,4,0.5006,2,0.5423,3,0.4629,4,0.3541
test_00610.png,0,0.9923,0,0.7368,0,0.8371,0,0.9240,0,0.9880,0,0.9547
test_00611.png,0,0.9962,0,0.8969,0,0.8512,0,0.9813,0,0.9928,0,0.9770
test_00612.png,0,0.8545,0,0.8251,0,0.7073,0,0.9202,0,0.8889,0,0.8593
test_00613.png,1,0.4420,2,0.4801,2,0.6771,2,0.7601,2,0.6079,2,0.5953
test_00614.png,4,0.8870,4,0.6878,4,0.6132,2,0.4778,4,0.8451,4,0.7713
test_00615.png,0,0.8978,0,0.6590,0,0.7637,0,0.8958,0,0.7871,0,0.8250
test_00616.png,3,0.6739,3,0.8251,3,0.5230,3,0.7890,3,0.9281,3,0.8022
test_00617.png,0,0.9540,2,0.3967,0,0.6909,0,0.9042,0,0.9258,0,0.8386
test_00618.png,0,0.9821,0,0.6767,0,0.7916,0,0.8793,0,0.9800,0,0.9237
test_00619.png,0,0.9499,0,0.6477,0,0.8480,0,0.9801,0,0.9842,0,0.9412
test_00620.png,1,0.5059,1,0.3642,4,0.6197,4,0.6414,1,0.4591,4,0.4558
test_00621.png,0,0.9874,0,0.7542,0,0.8816,0,0.9529,0,0.9328,0,0.9413
test_00622.png,0,0.8493,3,0.4415,0,0.4647,0,0.7643,3,0.7429,0,0.5622
test_00623.png,2,0.7435,2,0.5433,2,0.4383,2,0.5143,2,0.4086,2,0.5649
test_00624.png,0,0.9870,0,0.4729,0,0.6874,0,0.8328,0,0.9271,0,0.8734
test_00625.png,0,0.9870,0,0.7849,0,0.8160,0,0.9262,0,0.7915,0,0.9078
test_00626.png,1,0.5552,1,0.3429,2,0.4584,4,0.5914,4,0.7045,4,0.5888
test_00627.png,0,0.6911,0,0.5777,0,0.5024,0,0.6580,0,0.8184,0,0.6735
test_00628.png,2,0.7662,0,0.4282,2,0.7810,2,0.7039,2,0.6695,2,0.6634
test_00629.png,2,0.9002,2,0.5722,2,0.5134,0,0.4229,2,0.4178,2,0.6108
test_00630.png,0,0.7451,0,0.8402,0,0.7919,0,0.9230,0,0.9425,0,0.8808
test_00631.png,1,0.9922,1,0.7183,1,0.7320,1,0.9496,1,0.4839,1,0.8806
test_00632.png,4,0.3822,0,0.3568,0,0.5281,0,0.5099,0,0.7364,0,0.5118
test_00633.png,2,0.9812,2,0.7265,2,0.8322,2,0.9290,2,0.9228,2,0.9189
test_00634.png,3,0.9228,3,0.7579,0,0.5166,3,0.5292,3,0.8894,3,0.7550
test_00635.png,0,0.6651,0,0.4895,0,0.5961,0,0.9111,0,0.9554,0,0.8076
test_00636.png,3,0.9942,3,0.8651,3,0.6992,3,0.8468,3,0.8792,3,0.9121
test_00637.png,0,0.8734,0,0.5207,0,0.6721,0,0.5928,0,0.8046,0,0.7196
test_00638.png,3,0.4929,4,0.4421,3,0.3758,3,0.5383,3,0.4434,3,0.4759
test_00639.png,2,0.6460,2,0.3958,4,0.3411,2,0.6287,2,0.4300,2,0.5042
test_00640.png,0,0.9890,0,0.8992,0,0.6897,0,0.9340,0,0.9917,0,0.9563
test_00641.png,0,0.7529,0,0.5215,0,0.3306,0,0.5511,0,0.7536,0,0.6064
test_00642.png,1,0.5240,4,0.4757,4,0.6172,4,0.7515,4,0.6864,4,0.6227
test_00643.png,4,0.5631,4,0.3733,2,0.5978,2,0.5310,2,0.4838,2,0.4696
test_00644.png,4,0.7235,4,0.3928,4,0.5563,2,0.8011,2,0.8360,2,0.5643
test_00645.png,4,0.5294,2,0.6137,2,0.5441,2,0.4717,2,0.7034,2,0.5036
test_00646.png,0,0.8494,0,0.7382,0,0.5796,0,0.6611,0,0.9327,0,0.8046
test_00647.png,3,0.5909,0,0.4780,0,0.4011,3,0.4273,0,0.6737,0,0.4381
test_00648.png,0,0.4717,0,0.5002,0,0.4790,0,0.8408,0,0.8526,0,0.6821
test_00649.png,2,0.9152,2,0.6700,2,0.8731,2,0.8869,2,0.9571,2,0.8994
test_00650.png,4,0.4591,4,0.3867,4,0.4789,4,0.3921,3,0.4331,4,0.4459
test_00651.png,1,0.9627,4,0.4347,1,0.5210,4,0.4826,4,0.4157,1,0.5719
test_00652.png,3,0.5062,3,0.4202,0,0.3176,1,0.4213,3,0.8182,3,0.5167
test_00653.png,3,0.6851,3,0.6905,0,0.5425,0,0.6371,0,0.5484,3,0.5181
test_00654.png,1,0.9023,1,0.4228,1,0.3673,2,0.4724,2,0.5233,1,0.4664
test_00655.png,0,0.9966,0,0.9530,0,0.9635,0,0.9910,0,0.9903,0,0.9872
test_00656.png,0,0.6646,0,0.4399,0,0.5011,0,0.8532,0,0.7614,0,0.6717
test_00657.png,0,0.9983,0,0.7131,0,0.9462,0,0.9789,0,0.9922,0,0.9791
test_00658.png,0,0.9726,0,0.6727,0,0.7456,0,0.7685,0,0.8753,0,0.8604
test_00659.png,0,0.6214,3,0.5346,0,0.4471,0,0.7270,0,0.5221,0,0.5550
test_00660.png,0,0.9856,0,0.8784,0,0.9161,0,0.9853,0,0.9672,0,0.9664
test_00661.png,0,0.9930,0,0.9215,0,0.9006,0,0.9869,0,0.9911,0,0.9802
test_00662.png,0,0.6280,2,0.4869,0,0.3557,2,0.5368,0,0.5458,0,0.4315
test_00663.png,3,0.8387,3,0.7013,3,0.5386,3,0.6680,3,0.8640,3,0.7544
test_00664.png,0,0.5683,0,0.5225,3,0.4781,0,0.6370,0,0.6576,0,0.5694
test_00665.png,0,0.9918,0,0.8583,0,0.8657,0,0.9087,0,0.9247,0,0.9401
test_00666.png,0,0.9097,0,0.6789,0,0.7882,0,0.9400,0,0.8194,0,0.8619
test_00667.png,4,0.5138,4,0.6889,4,0.7292,4,0.8776,4,0.8370,4,0.8254
test_00668.png,0,0.9882,0,0.6729,0,0.7716,0,0.9524,0,0.9666,0,0.9345
test_00669.png,0,0.9954,0,0.9423,0,0.7537,0,0.9853,0,0.9780,0,0.9716
test_00670.png,3,0.3753,2,0.4476,3,0.4245,2,0.5892,2,0.6312,2,0.4509
test_00671.png,4,0.5500,2,0.3974,4,0.7769,4,0.4985,4,0.8471,4,0.6477
test_00672.png,3,0.4424,3,0.4798,2,0.5025,2,0.7405,2,0.5722,2,0.5414
test_00673.png,0,0.4785,0,0.4156,4,0.4522,4,0.7635,4,0.4360,4,0.4936
test_00674.png,3,0.9513,3,0.4818,3,0.6524,3,0.5706,3,0.9114,3,0.7845
test_00675.png,1,0.8776,2,0.3585,2,0.6332,2,0.4239,2,0.3202,2,0.3269
test_00676.png,4,0.9656,4,0.5652,4,0.5060,4,0.5981,4,0.8118,4,0.7656
test_00677.png,0,0.9974,0,0.8363,0,0.5715,0,0.8600,0,0.9512,0,0.9302
test_00678.png,0,0.9425,0,0.8516,0,0.5900,0,0.7645,0,0.8915,0,0.8539
test_00679.png,0,0.8813,3,0.6292,0,0.7978,0,0.6061,0,0.8992,0,0.7349
test_00680.png,1,0.9661,4,0.3276,4,0.2683,1,0.4850,2,0.4928,1,0.4224
test_00681.png,0,0.8479,0,0.4814,0,0.7195,0,0.7326,0,0.9852,0,0.8320
test_00682.png,0,0.9727,0,0.9276,0,0.9271,0,0.9138,0,0.9699,0,0.9545
test_00683.png,1,0.7599,0,0.4242,3,0.6701,3,0.3512,3,0.5242,3,0.4415
test_00684.png,0,0.8711,0,0.4563,3,0.4142,3,0.3898,0,0.8763,0,0.6169
test_00685.png,0,0.9933,0,0.9153,0,0.9373,0,0.9905,0,0.9912,0,0.9823
test_00686.png,1,0.8974,3,0.4036,1,0.4190,3,0.6108,3,0.4823,1,0.3637
test_00687.png,3,0.5391,2,0.5127,2,0.5955,2,0.8035,2,0.4712,2,0.5828
test_00688.png,0,0.9964,0,0.9679,0,0.9318,0,0.9875,0,0.9804,0,0.9848
test_00689.png,0,0.9868,0,0.7632,0,0.8748,0,0.9714,0,0.9695,0,0.9499
test_00690.png,0,0.9980,0,0.8727,0,0.8929,0,0.9725,0,0.9621,0,0.9706
test_00691.png,1,0.9824,4,0.4532,1,0.5831,1,0.5173,4,0.4923,1,0.6048
test_00692.png,4,0.3925,2,0.4854,0,0.3239,0,0.3823,3,0.4310,0,0.3119
test_00693.png,4,0.5083,2,0.5410,2,0.3779,2,0.6733,2,0.7711,2,0.5748
test_00694.png,3,0.4584,2,0.4392,2,0.3670,2,0.3688,2,0.4483,2,0.3857
test_00695.png,4,0.4936,2,0.5736,2,0.7326,2,0.8186,2,0.7725,2,0.6942
test_00696.png,1,0.8733,1,0.4181,1,0.7888,1,0.5890,2,0.8093,1,0.5565
test_00697.png,3,0.7643,3,0.6592,1,0.4123,3,0.5964,3,0.8159,3,0.6829
test_00698.png,2,0.7225,2,0.5267,2,0.5655,3,0.4336,3,0.4203,2,0.5436
test_00699.png,4,0.7945,4,0.6617,4,0.5658,2,0.6388,4,0.7949,4,0.6553
test_00700.png,0,0.3575,2,0.4021,0,0.2921,2,0.4724,0,0.5342,0,0.3867
test_00701.png,0,0.9955,0,0.8400,0,0.9137,0,0.9722,0,0.9701,0,0.9703
test_00702.png,0,0.8378,2,0.3689,0,0.6375,0,0.6545,0,0.7821,0,0.6724
test_00703.png,0,0.9980,0,0.9034,0,0.9608,0,0.9913,0,0.9932,0,0.9882
test_00704.png,0,0.9607,0,0.7108,0,0.6687,0,0.8501,0,0.9639,0,0.8841
test_00705.png,0,0.9701,0,0.9511,0,0.8161,0,0.9345,0,0.9515,0,0.9412
test_00706.png,2,0.6838,4,0.4348,2,0.4718,2,0.5107,2,0.5418,2,0.5158
test_00707.png,2,0.8053,2,0.6051,2,0.6719,2,0.9227,2,0.9114,2,0.8302
test_00708.png,0,0.8968,2,0.4542,0,0.4156,0,0.7044,0,0.9100,0,0.6993
test_00709.png,4,0.3000,0,0.3387,2,0.3748,2,0.5451,0,0.4906,2,0.3243
test_00710.png,1,0.5819,4,0.5241,3,0.4468,4,0.3851,3,0.5909,3,0.3417
test_00711.png,2,0.6990,2,0.4808,2,0.6032,2,0.4304,2,0.5373,2,0.5900
test_00712.png,0,0.9746,0,0.9542,0,0.8387,0,0.9207,0,0.9687,0,0.9526
test_00713.png,4,0.9247,4,0.7880,4,0.7721,4,0.5113,4,0.7862,4,0.8004
test_00714.png,1,0.8556,3,0.3023,2,0.3858,1,0.4941,3,0.3470,1,0.4034
test_00715.png,0,0.9937,0,0.9599,0,0.9236,0,0.9804,0,0.9761,0,0.9772
test_00716.png,1,0.6078,2,0.3718,2,0.4570,2,0.5372,2,0.4617,2,0.4480
test_00717.png,0,0.9514,0,0.5154,0,0.3318,0,0.8402,0,0.7596,0,0.7531
test_00718.png,3,0.8167,3,0.7035,3,0.7083,3,0.7225,3,0.8637,3,0.7825
test_00719.png,0,0.7517,2,0.4211,0,0.3932,0,0.6700,0,0.6974,0,0.5885
test_00720.png,0,0.9685,0,0.7339,0,0.5698,0,0.7310,0,0.9304,0,0.8509
test_00721.png,1,0.3536,2,0.5408,0,0.4929,2,0.4749,2,0.6157,2,0.4330
test_00722.png,0,0.9812,0,0.8217,0,0.8165,0,0.9466,0,0.9617,0,0.9405
test_00723.png,0,0.9990,0,0.9886,0,0.9806,0,0.9900,0,0.9934,0,0.9941
test_00724.png,1,0.8084,2,0.4798,2,0.4080,2,0.6336,2,0.5126,2,0.3720
test_00725.png,0,0.9900,0,0.7516,0,0.3986,0,0.7240,0,0.9435,0,0.8701
test_00726.png,1,0.5351,1,0.2795,4,0.5118,4,0.4884,4,0.5016,4,0.3768
test_00727.png,0,0.9529,0,0.7169,3,0.4721,0,0.4698,0,0.7305,0,0.7055
test_00728.png,1,0.5558,0,0.5650,3,0.5541,3,0.4904,3,0.4125,3,0.3735
test_00729.png,3,0.4366,0,0.5653,3,0.4107,2,0.3927,0,0.8020,0,0.3825
test_00730.png,0,0.9921,0,0.9322,0,0.9418,0,0.9735,0,0.9545,0,0.9727
test_00731.png,2,0.7800,2,0.4800,2,0.5948,2,0.8393,2,0.5489,2,0.6816
test_00732.png,3,0.9010,3,0.6099,3,0.4843,3,0.6106,3,0.6690,3,0.7419
test_00733.png,4,0.5984,2,0.3543,2,0.4087,2,0.3733,0,0.3075,4,0.3275
test_00734.png,0,0.9636,0,0.6281,0,0.8109,0,0.9045,0,0.8561,0,0.8734
test_00735.png,4,0.7635,4,0.4070,4,0.4897,4,0.5361,1,0.4036,4,0.4836
test_00736.png,0,0.9192,0,0.9451,0,0.9342,0,0.9843,0,0.9683,0,0.9619
test_00737.png,4,0.5976,4,0.3654,1,0.4390,1,0.4581,4,0.4251,4,0.3668
test_00738.png,4,0.8985,4,0.6708,4,0.5817,4,0.6904,4,0.8790,4,0.7825
test_00739.png,1,0.6539,4,0.5598,4,0.3956,4,0.5008,4,0.6298,4,0.5094
test_00740.png,0,0.9944,0,0.9644,0,0.9640,0,0.9918,0,0.9784,0,0.9846
test_00741.png,2,0.5476,2,0.6778,3,0.3145,2,0.5598,2,0.4539,2,0.5118
test_00742.png,0,0.8112,0,0.8155,0,0.8365,0,0.9222,0,0.9302,0,0.8797
test_00743.png,3,0.7127,3,0.6272,3,0.5855,3,0.5655,3,0.7114,3,0.6626
test_00744.png,0,0.9820,0,0.6556,0,0.7975,0,0.9598,0,0.9361,0,0.9225
test_00745.png,0,0.9394,0,0.4689,0,0.8004,0,0.9667,0,0.9614,0,0.8972
test_00746.png,0,0.9961,0,0.9527,0,0.8607,0,0.9718,0,0.9930,0,0.9787
test_00747.png,0,0.8989,0,0.8428,0,0.5404,0,0.9489,0,0.9622,0,0.9015
test_00748.png,4,0.9775,4,0.5726,4,0.5560,4,0.8476,4,0.7224,4,0.8169
test_00749.png,0,0.7479,0,0.4626,4,0.3994,0,0.4431,0,0.7608,0,0.5320
test_00750.png,0,0.9023,0,0.8935,0,0.9160,0,0.9361,0,0.9295,0,0.9241
test_00751.png,1,0.6553,2,0.6161,1,0.5851,2,0.6001,2,0.5964,1,0.3484
test_00752.png,0,0.6525,2,0.3603,0,0.5287,0,0.6423,0,0.8835,0,0.6423
test_00753.png,0,0.9991,0,0.9868,0,0.9549,0,0.9922,0,0.9977,0,0.9946
test_00754.png,4,0.8037,2,0.5435,2,0.4969,2,0.4863,4,0.7995,4,0.5634
test_00755.png,0,0.8152,0,0.7064,0,0.4841,0,0.9549,0,0.5495,0,0.7583
test_00756.png,0,0.8231,0,0.7261,0,0.7463,0,0.8699,0,0.8800,0,0.8261
test_00757.png,4,0.3554,2,0.4254,4,0.4638,4,0.4011,3,0.4283,4,0.3965
test_00758.png,0,0.9980,0,0.9778,0,0.8622,0,0.9855,0,0.9940,0,0.9871
test_00759.png,0,0.9889,0,0.9590,0,0.7342,0,0.9709,0,0.9875,0,0.9663
test_00760.png,0,0.7387,0,0.7450,0,0.5561,0,0.7595,0,0.6817,0,0.7067
test_00761.png,0,0.9499,0,0.6909,0,0.8232,0,0.9620,0,0.9289,0,0.9087
test_00762.png,2,0.5969,2,0.4063,2,0.5392,2,0.8538,2,0.8610,2,0.7074
test_00763.png,2,0.9462,2,0.5076,2,0.7813,2,0.8002,2,0.7830,2,0.8091
test_00764.png,4,0.7193,4,0.5784,4,0.7395,4,0.7846,4,0.7608,4,0.7318
test_00765.png,0,0.9150,0,0.6671,3,0.4560,3,0.4803,0,0.6728,0,0.6603
test_00766.png,3,0.8649,3,0.3667,3,0.5158,3,0.3146,3,0.8859,3,0.6656
test_00767.png,3,0.3496,2,0.4386,2,0.3682,2,0.6054,3,0.4121,2,0.4141
test_00768.png,4,0.7045,2,0.3441,4,0.5312,4,0.5120,3,0.4158,4,0.5604
test_00769.png,4,0.6643,1,0.5931,4,0.3907,1,0.3755,4,0.5942,4,0.4413
test_00770.png,3,0.6206,0,0.5186,3,0.4242,3,0.5296,0,0.5532,0,0.4517
test_00771.png,0,0.7557,2,0.3359,0,0.8374,0,0.5920,0,0.8756,0,0.7212
test_00772.png,0,0.8112,0,0.5881,3,0.3767,0,0.7041,0,0.5852,0,0.6247
test_00773.png,0,0.9653,0,0.8566,0,0.8541,0,0.9636,0,0.9623,0,0.9494
test_00774.png,0,0.6844,0,0.7409,0,0.4109,3,0.4547,0,0.4839,0,0.5857
test_00775.png,0,0.9779,2,0.3896,0,0.7034,0,0.6827,0,0.9604,0,0.8382
test_00776.png,0,0.9286,0,0.7893,0,0.8185,0,0.8717,0,0.7019,0,0.8873
test_00777.png,0,0.9918,0,0.8851,0,0.9428,0,0.9879,0,0.9844,0,0.9772
test_00778.png,2,0.7843,2,0.4058,2,0.4823,2,0.5335,2,0.4207,2,0.5585
test_00779.png,0,0.3863,0,0.5363,3,0.4082,0,0.8502,0,0.8751,0,0.6922
test_00780.png,0,0.9930,0,0.6030,0,0.8752,0,0.9002,0,0.9421,0,0.9305
test_00781.png,1,0.5475,2,0.5429,3,0.3023,2,0.5883,2,0.4509,2,0.3456
test_00782.png,0,0.9120,0,0.5249,0,0.4759,0,0.8067,0,0.5064,0,0.6942
test_00783.png,3,0.5545,3,0.4205,0,0.3229,2,0.6189,3,0.5914,3,0.4077
test_00784.png,1,0.8865,1,0.3540,4,0.5949,4,0.7826,1,0.3759,4,0.4329
test_00785.png,3,0.4821,3,0.2767,3,0.3616,1,0.4931,3,0.5403,3,0.4190
test_00786.png,4,0.9591,4,0.4096,4,0.3957,4,0.4221,4,0.7603,4,0.6791
test_00787.png,0,0.9972,0,0.8541,0,0.9764,0,0.9626,0,0.9702,0,0.9758
test_00788.png,0,0.9894,0,0.8897,0,0.8818,0,0.9916,0,0.9950,0,0.9785
test_00789.png,0,0.9979,0,0.4624,0,0.8638,0,0.9487,0,0.9833,0,0.9554
test_00790.png,0,0.9935,0,0.9337,0,0.8067,0,0.8687,0,0.9605,0,0.9507
test_00791.png,0,0.9943,0,0.9884,0,0.9229,0,0.9895,0,0.9948,0,0.9889
test_00792.png,0,0.5757,2,0.5102,3,0.4229,0,0.7390,3,0.4523,0,0.4831
test_00793.png,0,0.9535,0,0.6491,0,0.4222,0,0.7125,0,0.9293,0,0.8245
test_00794.png,0,0.9746,0,0.8291,3,0.3964,0,0.7975,0,0.5361,0,0.7772
test_00795.png,0,0.6496,0,0.8098,3,0.5378,0,0.9697,0,0.5494,0,0.7252
test_00796.png,0,0.9178,0,0.9567,0,0.6600,0,0.9708,0,0.9545,0,0.9383
test_00797.png,0,0.9983,0,0.8680,0,0.9174,0,0.9633,0,0.9956,0,0.9817
test_00798.png,4,0.7317,4,0.3629,4,0.6709,2,0.4616,4,0.6720,4,0.6725
test_00799.png,3,0.4464,0,0.5938,0,0.7568,0,0.6918,0,0.7551,0,0.5552
test_00800.png,0,0.9984,0,0.9531,0,0.8931,0,0.9857,0,0.9915,0,0.9855
test_00801.png,0,0.9649,0,0.8745,0,0.7726,0,0.5641,0,0.6522,0,0.8277
test_00802.png,2,0.8659,2,0.6590,4,0.4921,2,0.7803,2,0.8866,2,0.7203
test_00803.png,3,0.6634,0,0.8557,0,0.6301,0,0.6617,0,0.7401,0,0.6759
test_00804.png,3,0.4877,3,0.7007,3,0.4876,3,0.6066,3,0.6843,3,0.6284
test_00805.png,2,0.7942,2,0.5858,2,0.8376,2,0.9226,2,0.9268,2,0.8490
test_00806.png,0,0.9889,0,0.8956,0,0.7254,0,0.9854,0,0.9932,0,0.9681
test_00807.png,0,0.7102,0,0.5648,3,0.5061,0,0.6317,0,0.7882,0,0.6377
test_00808.png,4,0.8614,2,0.5181,4,0.5115,2,0.6950,4,0.4412,4,0.4728
test_00809.png,0,0.9780,0,0.5014,0,0.7930,0,0.9010,0,0.9566,0,0.8992
test_00810.png,0,0.8828,3,0.4510,0,0.5602,0,0.7134,0,0.7662,0,0.6875
test_00811.png,3,0.9620,3,0.6652,0,0.4543,3,0.5345,3,0.5829,3,0.7165
test_00812.png,0,0.9594,0,0.5283,0,0.6562,0,0.9278,0,0.9131,0,0.8611
test_00813.png,0,0.9966,0,0.7865,0,0.9357,0,0.9771,0,0.9828,0,0.9752
test_00814.png,3,0.9950,3,0.7656,3,0.7692,3,0.8773,3,0.8337,3,0.9174
test_00815.png,4,0.8892,4,0.6409,4,0.6057,4,0.4515,2,0.4735,4,0.6508
test_00816.png,0,0.9769,0,0.7922,0,0.8615,0,0.9728,0,0.9246,0,0.9392
test_00817.png,0,0.9892,0,0.8997,0,0.7454,0,0.9692,0,0.9214,0,0.9460
test_00818.png,0,0.9492,0,0.4559,0,0.7779,0,0.6629,0,0.8559,0,0.8073
test_00819.png,3,0.9684,3,0.9240,3,0.7905,3,0.8213,3,0.9587,3,0.9272
test_00820.png,1,0.8640,0,0.3782,3,0.4345,3,0.3707,3,0.6383,3,0.4139
test_00821.png,0,0.9973,0,0.9483,0,0.6952,0,0.9456,0,0.9719,0,0.9648
test_00822.png,0,0.9978,0,0.9631,0,0.9094,0,0.9943,0,0.9978,0,0.9913
test_00823.png,0,0.9936,0,0.5590,0,0.9198,0,0.9791,0,0.9700,0,0.9567
test_00824.png,0,0.8277,0,0.7001,0,0.4888,4,0.3481,0,0.8381,0,0.6720
test_00825.png,0,0.6257,0,0.6875,0,0.8328,0,0.8220,0,0.8068,0,0.7737
test_00826.png,0,0.8559,0,0.6767,0,0.6000,0,0.7954,0,0.7661,0,0.7664
test_00827.png,3,0.9108,3,0.7663,3,0.8503,3,0.7278,3,0.7615,3,0.8360
test_00828.png,0,0.9750,0,0.6409,0,0.7849,0,0.8522,0,0.9938,0,0.9276
test_00829.png,1,0.7967,2,0.5217,2,0.3923,2,0.6949,1,0.5348,1,0.4603
test_00830.png,0,0.9079,0,0.8560,0,0.2944,0,0.8276,0,0.9512,0,0.8482
test_00831.png,0,0.9937,0,0.9364,0,0.9318,0,0.9789,0,0.9919,0,0.9801
test_00832.png,0,0.8615,0,0.8533,3,0.3826,0,0.6640,3,0.5220,0,0.7102
test_00833.png,0,0.8521,0,0.7663,0,0.7986,0,0.8670,0,0.9685,0,0.8910
test_00834.png,2,0.4173,2,0.4883,3,0.4697,2,0.4198,3,0.6710,3,0.4393
test_00835.png,0,0.5751,0,0.8621,0,0.4863,0,0.7046,0,0.9394,0,0.7918
test_00836.png,3,0.5703,3,0.6362,3,0.4278,0,0.3866,0,0.5739,3,0.4875
test_00837.png,0,0.9992,0,0.9729,0,0.9273,0,0.9824,0,0.9978,0,0.9915
test_00838.png,4,0.4583,2,0.3671,4,0.3916,2,0.4435,2,0.6673,4,0.3979
test_00839.png,3,0.9724,3,0.8292,3,0.4708,3,0.8164,3,0.6681,3,0.8179
test_00840.png,1,0.5660,0,0.4746,0,0.4380,0,0.5261,1,0.6350,0,0.5008
test_00841.png,0,0.9668,2,0.4884,0,0.7601,0,0.7571,0,0.8346,0,0.8146
test_00842.png,0,0.9996,0,0.9908,0,0.9693,0,0.9932,0,0.9975,0,0.9960
test_00843.png,1,0.7005,4,0.5153,4,0.5861,4,0.6901,4,0.7558,4,0.6363
test_00844.png,0,0.9869,0,0.5333,0,0.8264,0,0.8238,0,0.9336,0,0.8938
test_00845.png,0,0.9978,0,0.8577,0,0.4619,0,0.9829,0,0.9802,0,0.9642
test_00846.png,4,0.5052,4,0.7169,4,0.3626,4,0.5456,4,0.5318,4,0.5655
test_00847.png,0,0.9986,0,0.9194,0,0.8137,0,0.9721,0,0.9892,0,0.9786
test_00848.png,3,0.9858,3,0.8199,3,0.7776,3,0.8214,3,0.9523,3,0.9199
test_00849.png,0,0.9654,2,0.3665,0,0.5392,0,0.6804,0,0.9412,0,0.7909
test_00850.png,1,0.3969,2,0.4744,3,0.3800,2,0.6628,2,0.6166,2,0.3939
test_00851.png,0,0.9959,0,0.7157,0,0.9114,0,0.9773,0,0.9705,0,0.9625
test_00852.png,2,0.8117,2,0.4990,2,0.5680,3,0.4645,0,0.4841,2,0.4952
test_00853.png,2,0.6011,4,0.4312,2,0.5284,2,0.9126,2,0.9474,2,0.7574
test_00854.png,1,0.4816,2,0.7257,2,0.5715,2,0.4757,2,0.5326,2,0.6226
test_00855.png,1,0.6649,4,0.4135,4,0.4335,4,0.4593,4,0.6651,4,0.5370
test_00856.png,0,0.9972,0,0.9844,0,0.8644,0,0.9929,0,0.9941,0,0.9888
test_00857.png,0,0.9848,0,0.6466,0,0.8457,0,0.9427,0,0.9040,0,0.9291
test_00858.png,0,0.9869,0,0.6756,0,0.6417,0,0.7201,0,0.9313,0,0.8698
test_00859.png,0,0.3804,0,0.5628,0,0.3246,0,0.5124,1,0.5508,0,0.5232
test_00860.png,0,0.9283,0,0.7572,0,0.6228,0,0.6186,0,0.8766,0,0.7983
test_00861.png,0,0.9908,0,0.9527,0,0.7906,0,0.9672,0,0.9851,0,0.9678
test_00862.png,0,0.8697,0,0.4401,0,0.6468,0,0.3364,0,0.8241,0,0.6590
test_00863.png,0,0.9981,0,0.7855,0,0.6704,0,0.8701,0,0.9630,0,0.9397
test_00864.png,0,0.6898,0,0.5563,0,0.4059,0,0.6805,0,0.7832,0,0.6792
test_00865.png,3,0.8283,3,0.7581,3,0.7528,3,0.9383,3,0.9428,3,0.8937
test_00866.png,0,0.9830,0,0.5237,0,0.5046,0,0.7520,0,0.8758,0,0.8199
test_00867.png,0,0.9576,0,0.6483,0,0.3386,0,0.8728,0,0.8466,0,0.8068
test_00868.png,0,0.6128,2,0.4042,0,0.5212,0,0.4945,0,0.7207,0,0.5711
test_00869.png,4,0.5877,2,0.7557,2,0.7874,2,0.7145,2,0.5531,2,0.6578
test_00870.png,2,0.8446,0,0.5434,2,0.5923,2,0.8128,2,0.7015,2,0.7154
test_00871.png,0,0.7129,0,0.8312,0,0.3993,0,0.6680,0,0.9081,0,0.7419
test_00872.png,2,0.9140,2,0.6153,2,0.5806,2,0.7522,2,0.9351,2,0.8189
test_00873.png,2,0.5483,2,0.4829,4,0.4944,4,0.4882,2,0.6013,2,0.5179
test_00874.png,3,0.7091,3,0.4345,3,0.5387,3,0.4091,3,0.7149,3,0.5824
test_00875.png,3,0.3734,2,0.4845,2,0.4586,2,0.7050,2,0.4902,2,0.5081
test_00876.png,3,0.6103,3,0.4852,1,0.5269,1,0.9042,3,0.7306,1,0.5223
test_00877.png,0,0.9558,0,0.6963,2,0.5318,0,0.6016,0,0.6196,0,0.6854
test_00878.png,0,0.8545,0,0.6850,0,0.7294,0,0.9490,0,0.9136,0,0.8614
test_00879.png,0,0.9839,0,0.8107,0,0.9295,0,0.9785,0,0.9900,0,0.9680
test_00880.png,0,0.3424,4,0.3568,3,0.3864,3,0.5396,3,0.6955,3,0.4334
test_00881.png,1,0.9898,1,0.3923,4,0.3465,1,0.6627,1,0.5511,1,0.7196
test_00882.png,4,0.8774,4,0.4018,4,0.4958,2,0.6157,4,0.6144,4,0.5770
test_00883.png,0,0.9826,2,0.5292,0,0.6427,0,0.5328,0,0.8499,0,0.7694
test_00884.png,4,0.6199,3,0.6458,3,0.3863,0,0.4313,3,0.6946,3,0.5391
test_00885.png,1,0.9844,1,0.5657,3,0.4972,1,0.8221,1,0.6165,1,0.7785
test_00886.png,0,0.5701,0,0.3395,0,0.5204,0,0.8514,0,0.8361,0,0.6661
test_00887.png,0,0.9002,2,0.4133,0,0.6767,0,0.7022,0,0.8422,0,0.7407
test_00888.png,0,0.9903,0,0.6839,0,0.8058,0,0.8767,0,0.9264,0,0.9128
test_00889.png,0,0.9404,0,0.7586,0,0.3925,0,0.6098,3,0.5523,0,0.6838
test_00890.png,0,0.9730,0,0.7654,0,0.8159,0,0.6774,0,0.9798,0,0.9083
test_00891.png,4,0.6616,2,0.3105,2,0.3765,2,0.4479,2,0.6589,2,0.4424
test_00892.png,0,0.9857,0,0.9200,0,0.9230,0,0.9937,0,0.9815,0,0.9769
test_00893.png,2,0.7074,4,0.5082,4,0.4888,2,0.7688,2,0.7587,2,0.6465
test_00894.png,0,0.9984,0,0.9747,0,0.8605,0,0.9827,0,0.9921,0,0.9857
test_00895.png,3,0.5330,1,0.4340,1,0.4789,4,0.4463,1,0.5513,1,0.4428
test_00896.png,0,0.9666,0,0.7400,0,0.9140,0,0.9773,0,0.9886,0,0.9569
test_00897.png,1,0.6435,4,0.6056,4,0.5584,4,0.6258,1,0.7134,4,0.4897
test_00898.png,1,0.4309,2,0.5153,4,0.3096,2,0.3562,3,0.4396,2,0.3729
test_00899.png,3,0.7798,3,0.5143,3,0.2771,1,0.6208,3,0.7834,3,0.5960
test_00900.png,3,0.9737,3,0.5857,3,0.6816,3,0.8134,3,0.9638,3,0.8770
test_00901.png,2,0.8383,2,0.6751,2,0.6820,2,0.8447,2,0.5622,2,0.7469
test_00902.png,2,0.8364,2,0.5826,2,0.6749,2,0.7289,2,0.8161,2,0.7770
test_00903.png,0,0.9788,0,0.5258,0,0.4872,0,0.7705,0,0.8188,0,0.8023
test_00904.png,0,0.9879,0,0.5902,0,0.9074,0,0.9302,0,0.9843,0,0.9441
test_00905.png,0,0.4866,2,0.4495,0,0.4938,2,0.8170,0,0.5918,2,0.5098
test_00906.png,1,0.9959,1,0.4429,1,0.9140,1,0.6622,1,0.8203,1,0.8902
test_00907.png,1,0.8778,2,0.4698,3,0.3475,2,0.5299,2,0.5321,2,0.3693
test_00908.png,3,0.9628,3,0.9426,3,0.7669,3,0.8986,3,0.9692,3,0.9361
test_00909.png,2,0.3559,2,0.5564,2,0.6855,2,0.9408,2,0.8761,2,0.7709
test_00910.png,1,0.8375,1,0.2852,4,0.4709,3,0.5833,3,0.6441,3,0.3577
test_00911.png,0,0.9143,0,0.7230,0,0.5724,0,0.4047,0,0.8850,0,0.7603
test_00912.png,0,0.9725,0,0.8073,0,0.6674,0,0.7700,0,0.9581,0,0.8910
test_00913.png,0,0.9822,0,0.7405,0,0.7600,0,0.9771,0,0.9783,0,0.9455
test_00914.png,0,0.6589,3,0.4052,0,0.5659,0,0.7597,0,0.8888,0,0.6782
test_00915.png,0,0.9556,0,0.7871,0,0.6564,0,0.8786,0,0.9690,0,0.9001
test_00916.png,4,0.3764,1,0.3800,2,0.4072,4,0.5127,1,0.5151,1,0.2895
test_00917.png,1,0.7563,3,0.4056,3,0.3679,3,0.3870,3,0.5489,3,0.4209
test_00918.png,0,0.9832,0,0.7242,0,0.9471,0,0.9782,0,0.9855,0,0.9646
test_00919.png,2,0.4175,2,0.4228,0,0.3606,2,0.6047,2,0.3919,2,0.4401
test_00920.png,0,0.9979,0,0.9525,0,0.8720,0,0.9729,0,0.9629,0,0.9744
test_00921.png,4,0.9348,4,0.7220,4,0.6133,4,0.4881,4,0.8569,4,0.7841
test_00922.png,0,0.6634,0,0.8636,3,0.3843,0,0.9563,0,0.9046,0,0.8183
test_00923.png,3,0.6202,3,0.8247,3,0.6133,3,0.5304,3,0.7955,3,0.7320
test_00924.png,3,0.4795,1,0.3541,1,0.5741,1,0.5195,0,0.3671,1,0.4688
test_00925.png,0,0.9991,0,0.6304,0,0.9601,0,0.9866,0,0.9865,0,0.9818
test_00926.png,0,0.9793,0,0.4720,0,0.8017,0,0.9555,0,0.9527,0,0.9119
test_00927.png,0,0.9497,0,0.6850,0,0.7582,0,0.8992,0,0.9685,0,0.8953
test_00928.png,0,0.9994,0,0.9799,0,0.9594,0,0.9786,0,0.9981,0,0.9935
test_00929.png,4,0.8813,4,0.5127,4,0.5400,4,0.5708,4,0.4541,4,0.6375
test_00930.png,4,0.3670,0,0.5230,2,0.6295,0,0.2999,0,0.4711,0,0.2944
test_00931.png,0,0.9315,0,0.8063,0,0.6392,0,0.8972,0,0.9476,0,0.8856
test_00932.png,4,0.4924,4,0.4220,4,0.4769,2,0.3843,0,0.5017,4,0.3674
test_00933.png,0,0.9953,0,0.9838,0,0.8654,0,0.9691,0,0.9914,0,0.9825
test_00934.png,0,0.9964,0,0.9407,0,0.9276,0,0.9778,0,0.9727,0,0.9776
test_00935.png,0,0.9656,0,0.8732,0,0.5844,0,0.9732,0,0.9525,0,0.9252
test_00936.png,1,0.8837,2,0.5674,1,0.3484,1,0.4287,2,0.4026,1,0.4699
test_00937.png,0,0.8661,2,0.4392,0,0.6107,0,0.7778,0,0.8531,0,0.7518
test_00938.png,4,0.8022,0,0.4125,1,0.3304,1,0.3039,1,0.2889,4,0.3010
test_00939.png,1,0.8945,1,0.4322,3,0.5413,1,0.7054,3,0.8429,1,0.4678
test_00940.png,0,0.9799,0,0.7030,0,0.8335,0,0.9780,0,0.9672,0,0.9460
test_00941.png,4,0.7713,2,0.5704,4,0.4482,2,0.8840,2,0.6391,2,0.5429
test_00942.png,2,0.8471,2,0.4189,2,0.4757,2,0.7049,3,0.5256,2,0.5890
test_00943.png,0,0.9367,0,0.6613,0,0.4944,0,0.8249,0,0.8815,0,0.8212
test_00944.png,2,0.4981,2,0.6879,2,0.5747,2,0.6051,2,0.7325,2,0.6380
test_00945.png,1,0.6488,3,0.3063,3,0.4157,2,0.4154,3,0.4696,3,0.3087
test_00946.png,0,0.9876,0,0.7034,0,0.8731,0,0.9273,0,0.9786,0,0.9453
test_00947.png,0,0.8824,0,0.5232,0,0.6496,0,0.9481,0,0.9225,0,0.8564
test_00948.png,0,0.9115,0,0.7355,0,0.7529,0,0.9557,0,0.9547,0,0.8964
test_00949.png,0,0.4022,2,0.4755,2,0.6302,2,0.3563,2,0.6264,2,0.4700
test_00950.png,3,0.8375,3,0.8281,3,0.7575,3,0.4865,3,0.7577,3,0.7760
test_00951.png,0,0.9602,2,0.4565,0,0.5773,0,0.8264,0,0.8888,0,0.7828
test_00952.png,2,0.6831,2,0.4566,2,0.4829,2,0.8025,2,0.7138,2,0.6462
test_00953.png,0,0.9897,0,0.8323,0,0.7283,0,0.6910,0,0.9398,0,0.9005
test_00954.png,0,0.7948,0,0.7009,3,0.4305,0,0.6679,0,0.8068,0,0.7116
test_00955.png,4,0.6567,2,0.3478,4,0.6077,2,0.5553,4,0.6544,4,0.5681
test_00956.png,3,0.5578,3,0.4867,3,0.6892,3,0.4696,3,0.7831,3,0.6390
test_00957.png,2,0.4404,2,0.7000,2,0.5565,2,0.7917,0,0.5710,2,0.6207
test_00958.png,2,0.4737,2,0.4515,2,0.5802,2,0.7031,4,0.3675,2,0.5367
test_00959.png,0,0.7350,0,0.3736,0,0.4751,0,0.5806,0,0.8834,0,0.6502
test_00960.png,0,0.5855,0,0.3503,0,0.6102,0,0.7579,0,0.8805,0,0.6812
test_00961.png,0,0.9883,0,0.8939,0,0.9023,0,0.9277,0,0.9695,0,0.9570
test_00962.png,4,0.4148,2,0.4548,2,0.4271,2,0.7876,3,0.4348,2,0.4762
test_00963.png,0,0.9543,0,0.6682,0,0.8402,0,0.9371,0,0.8250,0,0.8818
test_00964.png,4,0.9755,4,0.5687,2,0.4995,4,0.5849,4,0.3828,4,0.6724
test_00965.png,2,0.5147,0,0.5002,2,0.6031,2,0.5227,3,0.4965,2,0.4275
test_00966.png,0,0.9931,0,0.9004,0,0.8939,0,0.9722,0,0.9136,0,0.9583
test_00967.png,0,0.5813,3,0.3419,0,0.7534,0,0.6467,0,0.7486,0,0.6231
test_00968.png,3,0.5164,3,0.6726,2,0.5227,2,0.8245,3,0.5170,2,0.4686
test_00969.png,3,0.8358,3,0.7288,3,0.7727,3,0.7843,3,0.9036,3,0.8282
test_00970.png,2,0.8240,2,0.6364,2,0.7598,2,0.8864,2,0.6899,2,0.7888
test_00971.png,0,0.9849,0,0.8791,0,0.7402,0,0.9833,0,0.9977,0,0.9768
test_00972.png,1,0.9891,1,0.3833,1,0.5932,1,0.3784,0,0.5405,1,0.6863
test_00973.png,2,0.5867,2,0.4203,2,0.7277,2,0.5916,2,0.8586,2,0.6777
test_00974.png,3,0.4462,0,0.8259,0,0.5865,0,0.9386,0,0.8838,0,0.7954
test_00975.png,4,0.5580,2,0.4353,2,0.5394,2,0.6119,2,0.3308,2,0.4619
test_00976.png,3,0.3985,2,0.3205,3,0.5020,0,0.4353,3,0.3809,3,0.3303
test_00977.png,4,0.4446,0,0.2580,4,0.2974,3,0.3514,3,0.3565,3,0.2947
test_00978.png,0,0.5458,3,0.6481,0,0.5049,0,0.5598,0,0.4895,0,0.4737
test_00979.png,1,0.8957,1,0.3893,4,0.3639,1,0.5006,4,0.4146,1,0.5291
test_00980.png,0,0.9855,0,0.8492,0,0.8811,0,0.9694,0,0.9915,0,0.9648
test_00981.png,0,0.9576,0,0.8070,0,0.8067,0,0.9936,0,0.9341,0,0.9414
test_00982.png,0,0.5373,3,0.5815,0,0.3466,0,0.4168,3,0.5859,3,0.4502
test_00983.png,0,0.3818,2,0.3920,3,0.4083,0,0.6051,3,0.6728,0,0.4034
test_00984.png,3,0.3457,0,0.6233,0,0.4904,2,0.3571,0,0.5836,0,0.4991
test_00985.png,0,0.6260,0,0.8526,0,0.5384,0,0.6735,0,0.5056,0,0.6689
test_00986.png,1,0.8176,1,0.2876,3,0.3712,1,0.5226,2,0.6639,1,0.3774
test_00987.png,2,0.6297,0,0.4154,2,0.5223,2,0.7097,0,0.5807,2,0.5205
test_00988.png,2,0.5660,2,0.6296,2,0.8221,2,0.9429,2,0.5507,2,0.7593
test_00989.png,4,0.7189,4,0.4200,2,0.4010,2,0.3429,3,0.5050,4,0.3556
test_00990.png,0,0.4972,0,0.4398,3,0.3214,0,0.6988,0,0.7119,0,0.5182
test_00991.png,3,0.3928,4,0.4352,4,0.3928,2,0.4962,2,0.5075,3,0.3769
test_00992.png,0,0.9325,0,0.9305,0,0.8998,0,0.9492,0,0.9728,0,0.9493
test_00993.png,4,0.8715,4,0.7703,4,0.5736,4,0.6818,4,0.7739,4,0.7607
test_00994.png,1,0.7442,1,0.7397,1,0.5212,1,0.8432,1,0.6883,1,0.7489
test_00995.png,0,0.8540,3,0.6157,0,0.5555,3,0.6142,3,0.7840,3,0.4974
test_00996.png,3,0.4733,0,0.9192,0,0.4089,0,0.4641,0,0.8317,0,0.6044
test_00997.png,4,0.8994,2,0.4929,4,0.7928,4,0.5962,4,0.7589,4,0.7284
test_00998.png,0,0.9781,0,0.9722,0,0.8772,0,0.9852,0,0.9815,0,0.9725
test_00999.png,0,0.9487,0,0.3963,0,0.6236,0,0.6924,3,0.5078,0,0.6876
test_01000.png,3,0.7893,3,0.4659,3,0.4658,3,0.6827,3,0.7631,3,0.7032
test_01001.png,3,0.8474,3,0.7796,3,0.6478,3,0.7343,3,0.9144,3,0.8322
test_01002.png,0,0.9755,0,0.7382,0,0.7494,0,0.8567,0,0.9850,0,0.9252
test_01003.png,2,0.2617,2,0.4297,0,0.4472,3,0.3474,0,0.6100,0,0.4407
test_01004.png,0,0.9625,0,0.7705,0,0.5330,0,0.8532,0,0.9070,0,0.8566
test_01005.png,0,0.9807,0,0.7632,0,0.8812,0,0.9866,0,0.9640,0,0.9522
test_01006.png,0,0.9291,0,0.6883,0,0.7108,0,0.7633,0,0.7585,0,0.8055
test_01007.png,0,0.9916,0,0.8836,0,0.9478,0,0.9948,0,0.9895,0,0.9829
test_01008.png,0,0.9864,0,0.8907,0,0.9481,0,0.9840,0,0.9690,0,0.9708
test_01009.png,4,0.8688,4,0.4942,4,0.5856,2,0.6547,4,0.5717,4,0.6230
test_01010.png,0,0.9984,0,0.5047,0,0.9589,0,0.9685,0,0.9722,0,0.9664
test_01011.png,3,0.7084,3,0.4336,3,0.4250,3,0.4502,3,0.4739,3,0.5239
test_01012.png,4,0.6353,4,0.5284,4,0.7392,4,0.7691,4,0.8285,4,0.7440
test_01013.png,3,0.5325,3,0.7148,0,0.4401,0,0.6124,3,0.6859,3,0.5579
test_01014.png,0,0.9973,0,0.9762,0,0.9512,0,0.9931,0,0.9979,0,0.9921
test_01015.png,0,0.9429,0,0.7851,0,0.6478,0,0.9030,0,0.8846,0,0.8694
test_01016.png,0,0.6067,0,0.4432,0,0.7198,0,0.9631,0,0.9154,0,0.8032
test_01017.png,3,0.7120,3,0.3962,3,0.5694,3,0.5109,3,0.7687,3,0.6400
test_01018.png,0,0.9991,0,0.9370,0,0.7933,0,0.9316,0,0.9806,0,0.9737
test_01019.png,0,0.9860,0,0.8523,0,0.8233,0,0.9259,0,0.9406,0,0.9323
test_01020.png,0,0.6760,3,0.4172,0,0.4270,2,0.4670,3,0.6083,3,0.4319
test_01021.png,0,0.9900,0,0.5912,0,0.8640,0,0.9825,0,0.9301,0,0.9410
test_01022.png,0,0.8150,0,0.7345,0,0.4992,0,0.9561,0,0.7852,0,0.8165
test_01023.png,0,0.9388,2,0.4206,0,0.8266,0,0.8791,0,0.9430,0,0.8610
test_01024.png,0,0.9761,0,0.7207,0,0.7940,0,0.7977,0,0.9047,0,0.8979
test_01025.png,0,0.8655,0,0.7232,0,0.5582,0,0.8594,0,0.5775,0,0.7606
test_01026.png,0,0.7048,0,0.5963,0,0.6586,0,0.7023,0,0.8520,0,0.7186
test_01027.png,4,0.8899,4,0.4252,4,0.5856,4,0.4812,1,0.4193,4,0.5969
test_01028.png,3,0.9032,3,0.8126,3,0.7135,3,0.8289,3,0.8856,3,0.8628
test_01029.png,3,0.9924,3,0.9766,3,0.8389,3,0.9604,3,0.9881,3,0.9778
test_01030.png,0,0.8575,0,0.6849,0,0.6453,0,0.7430,0,0.7966,0,0.7782
test_01031.png,0,0.9030,2,0.4002,0,0.7587,0,0.8902,0,0.9750,0,0.8582
test_01032.png,0,0.9399,0,0.8190,0,0.5619,0,0.8816,0,0.9448,0,0.8721
test_01033.png,0,0.9741,0,0.4985,0,0.7842,0,0.9246,0,0.9379,0,0.8922
test_01034.png,1,0.7993,3,0.5530,1,0.3844,1,0.6788,3,0.5506,3,0.4373
test_01035.png,0,0.9958,0,0.9614,0,0.8400,0,0.9753,0,0.9915,0,0.9789
test_01036.png,1,0.4668,4,0.4064,3,0.4117,3,0.3462,3,0.8345,3,0.4148
test_01037.png,0,0.7969,0,0.8759,0,0.8342,0,0.8923,0,0.7393,0,0.8396
test_01038.png,0,0.9841,0,0.8191,0,0.9150,0,0.9416,0,0.9209,0,0.9413
test_01039.png,3,0.9969,3,0.9754,3,0.9301,3,0.9313,3,0.9761,3,0.9776
test_01040.png,0,0.9772,0,0.8048,0,0.8236,0,0.9518,0,0.9733,0,0.9408
test_01041.png,0,0.6348,2,0.4185,0,0.5762,0,0.6962,0,0.9030,0,0.6732
test_01042.png,4,0.9529,4,0.7360,4,0.7220,4,0.7938,4,0.6558,4,0.8440
test_01043.png,0,0.7436,0,0.3691,4,0.3469,0,0.6192,0,0.7634,0,0.5507
test_01044.png,2,0.8882,2,0.7747,2,0.6946,2,0.8301,2,0.8442,2,0.8273
test_01045.png,3,0.9658,3,0.5262,3,0.7095,3,0.6978,3,0.9105,3,0.8207
test_01046.png,0,0.9777,0,0.5171,0,0.7834,0,0.9388,0,0.9847,0,0.9256
test_01047.png,1,0.9634,3,0.6781,1,0.6373,1,0.8797,3,0.8994,1,0.5401
test_01048.png,1,0.4159,2,0.7041,2,0.3128,2,0.7331,2,0.7261,2,0.6156
test_01049.png,0,0.9975,0,0.8858,0,0.8661,0,0.8274,0,0.9760,0,0.9563
test_01050.png,0,0.9713,0,0.9101,0,0.9427,0,0.9754,0,0.9801,0,0.9680
test_01051.png,3,0.9879,3,0.8654,3,0.7332,3,0.8176,3,0.9466,3,0.9310
test_01052.png,0,0.9257,0,0.6950,0,0.6097,0,0.6390,0,0.6621,0,0.7500
test_01053.png,0,0.9991,0,0.9518,0,0.9073,0,0.9820,0,0.9935,0,0.9885
test_01054.png,0,0.9973,0,0.9223,0,0.9220,0,0.9856,0,0.9870,0,0.9811
test_01055.png,1,0.8796,2,0.4153,1,0.4469,4,0.3810,3,0.4940,1,0.3261
test_01056.png,0,0.9987,0,0.9651,0,0.9218,0,0.9626,0,0.9938,0,0.9859
test_01057.png,0,0.4490,3,0.6965,2,0.6156,0,0.6415,3,0.8420,3,0.4932
test_01058.png,1,0.5626,4,0.5742,4,0.7069,4,0.6468,4,0.9388,4,0.7723
test_01059.png,0,0.6886,0,0.7188,0,0.6906,0,0.7804,0,0.8459,0,0.7733
test_01060.png,3,0.8862,3,0.6930,3,0.5707,3,0.7650,3,0.8008,3,0.7715
test_01061.png,0,0.9962,0,0.8495,0,0.9564,0,0.9816,0,0.9945,0,0.9835
test_01062.png,3,0.6056,3,0.4265,3,0.4279,3,0.6079,3,0.7059,3,0.5798
test_01063.png,3,0.8495,3,0.6813,3,0.5305,3,0.6950,3,0.8071,3,0.7411
test_01064.png,0,0.8785,0,0.5450,2,0.4885,4,0.4059,0,0.9256,0,0.6111
test_01065.png,0,0.9846,0,0.8890,0,0.9538,0,0.9883,0,0.9944,0,0.9794
test_01066.png,4,0.4952,1,0.5250,4,0.7907,4,0.6580,4,0.6256,4,0.6121
test_01067.png,2,0.8472,2,0.7483,2,0.6444,2,0.8414,2,0.7231,2,0.7771
test_01068.png,1,0.5234,1,0.4811,1,0.4312,1,0.4203,1,0.6907,1,0.5563
test_01069.png,0,0.8422,0,0.9244,0,0.8935,0,0.9852,0,0.9583,0,0.9452
test_01070.png,4,0.5726,4,0.6118,4,0.4971,4,0.7969,4,0.5724,4,0.6665
test_01071.png,4,0.5670,2,0.4444,3,0.4723,2,0.5445,2,0.5862,2,0.3612
test_01072.png,0,0.9964,0,0.7659,0,0.9512,0,0.9705,0,0.9803,0,0.9705
test_01073.png,4,0.9111,4,0.7009,4,0.5069,4,0.6301,4,0.5080,4,0.6980
test_01074.png,0,0.9700,0,0.5863,0,0.4328,0,0.8095,0,0.9418,0,0.8366
test_01075.png,0,0.9978,0,0.9898,0,0.8877,0,0.9760,0,0.9973,0,0.9900
test_01076.png,0,0.9609,0,0.7476,0,0.4870,0,0.7143,0,0.9120,0,0.8359
test_01077.png,3,0.3908,2,0.4492,3,0.3919,2,0.6218,2,0.5349,2,0.4079
test_01078.png,1,0.8945,2,0.3496,1,0.2915,1,0.5207,3,0.4996,1,0.3314
test_01079.png,4,0.6768,2,0.6409,4,0.4778,2,0.6086,4,0.5494,4,0.4801
test_01080.png,0,0.9935,0,0.9103,0,0.7773,0,0.9399,0,0.9828,0,0.9594
test_01081.png,4,0.7629,2,0.5052,4,0.3260,1,0.4488,2,0.4060,4,0.4183
test_01082.png,0,0.9670,0,0.5355,0,0.6937,0,0.8823,0,0.7644,0,0.8310
test_01083.png,1,0.7883,4,0.5289,4,0.5326,4,0.5571,4,0.4716,4,0.5425
test_01084.png,0,0.9832,0,0.5772,3,0.5733,0,0.7511,0,0.8041,0,0.7494
test_01085.png,0,0.8023,0,0.6518,0,0.8507,0,0.9367,0,0.9545,0,0.8812
test_01086.png,0,0.9977,0,0.8435,0,0.9552,0,0.9707,0,0.9914,0,0.9798
test_01087.png,1,0.4274,2,0.4761,4,0.3516,2,0.5753,2,0.5944,2,0.3844
test_01088.png,0,0.9913,0,0.8399,0,0.6796,0,0.9146,0,0.9421,0,0.9258
test_01089.png,0,0.9952,0,0.7585,0,0.6923,0,0.9706,0,0.9882,0,0.9586
test_01090.png,0,0.9915,0,0.7116,0,0.9616,0,0.9791,0,0.9966,0,0.9785
test_01091.png,1,0.8900,4,0.5329,1,0.5802,1,0.8309,2,0.5281,1,0.6058
test_01092.png,0,0.9828,0,0.5476,0,0.6320,0,0.7414,0,0.8133,0,0.8214
test_01093.png,0,0.9491,0,0.8724,0,0.8498,0,0.9826,0,0.9663,0,0.9445
test_01094.png,2,0.4316,4,0.3600,2,0.4638,2,0.6398,3,0.6447,2,0.4114
test_01095.png,4,0.6206,4,0.4187,2,0.5007,2,0.7715,2,0.6094,2,0.5062
test_01096.png,0,0.9385,0,0.8014,0,0.8441,0,0.8639,0,0.9373,0,0.8935
test_01097.png,4,0.4633,3,0.2676,2,0.3318,3,0.4211,2,0.3730,3,0.3041
test_01098.png,4,0.3013,2,0.3623,2,0.5751,2,0.3591,0,0.6443,2,0.3656
test_01099.png,0,0.9533,0,0.8295,0,0.7423,0,0.9227,0,0.9047,0,0.8933
test_01100.png,3,0.8141,3,0.4831,3,0.7545,3,0.6463,3,0.6083,3,0.6988
test_01101.png,0,0.9964,0,0.7528,0,0.9421,0,0.9844,0,0.9919,0,0.9777
test_01102.png,0,0.8753,3,0.3549,0,0.8110,0,0.7328,0,0.9094,0,0.7866
test_01103.png,0,0.9861,0,0.4810,0,0.6276,0,0.8916,0,0.8805,0,0.8593
test_01104.png,0,0.8872,0,0.9318,0,0.9069,0,0.9682,0,0.9521,0,0.9490
test_01105.png,2,0.8386,2,0.6642,2,0.4461,0,0.4097,3,0.4086,2,0.5796
test_01106.png,2,0.3621,2,0.3501,2,0.3580,2,0.5586,2,0.3750,2,0.4173
test_01107.png,3,0.5257,0,0.9560,0,0.5812,0,0.9905,0,0.8509,0,0.9016
test_01108.png,4,0.8044,4,0.6943,4,0.3797,4,0.4331,4,0.4093,4,0.5869
test_01109.png,2,0.5014,2,0.4734,0,0.3576,3,0.3937,0,0.6452,3,0.3083
test_01110.png,1,0.7650,1,0.3694,1,0.4192,2,0.4159,4,0.4094,1,0.4626
test_01111.png,0,0.7775,0,0.5016,3,0.4778,3,0.4738,3,0.6028,0,0.4831
test_01112.png,3,0.3812,3,0.5367,1,0.4216,3,0.4836,3,0.5488,3,0.4564
test_01113.png,2,0.3710,2,0.4643,3,0.3697,2,0.4313,3,0.4488,2,0.4003
test_01114.png,1,0.8475,0,0.4946,4,0.3379,0,0.4493,0,0.5532,0,0.2751
test_01115.png,0,0.9271,0,0.6091,0,0.8117,0,0.9073,0,0.9329,0,0.8869
test_01116.png,3,0.7903,3,0.7463,3,0.5988,0,0.6978,3,0.9296,3,0.7079
test_01117.png,1,0.9697,3,0.4556,1,0.7527,1,0.7763,2,0.4090,1,0.6330
test_01118.png,0,0.9988,0,0.9924,0,0.9776,0,0.9893,0,0.9978,0,0.9955
test_01119.png,0,0.6782,3,0.5548,3,0.5417,4,0.4813,3,0.4750,3,0.4848
test_01120.png,4,0.8670,4,0.2954,4,0.4639,2,0.4664,2,0.3566,4,0.4924
test_01121.png,0,0.9968,0,0.7848,0,0.9340,0,0.9861,0,0.9891,0,0.9786
test_01122.png,0,0.8836,0,0.8599,0,0.6669,0,0.9280,0,0.9520,0,0.9014
test_01123.png,3,0.7834,3,0.5123,3,0.4768,0,0.4291,3,0.7160,3,0.6009
test_01124.png,0,0.9968,0,0.9341,0,0.9732,0,0.9950,0,0.9977,0,0.9920
test_01125.png,0,0.9811,0,0.8300,0,0.9348,0,0.9808,0,0.9898,0,0.9710
test_01126.png,1,0.8323,1,0.6840,1,0.4509,1,0.8089,1,0.6570,1,0.7617
test_01127.png,0,0.9413,0,0.5900,0,0.6380,0,0.7915,0,0.9010,0,0.8248
test_01128.png,0,0.3915,0,0.5737,0,0.7774,0,0.4397,0,0.8759,0,0.6596
test_01129.png,0,0.6230,2,0.4492,2,0.3994,2,0.5507,2,0.6250,2,0.4742
test_01130.png,0,0.9472,0,0.8499,0,0.9154,0,0.9873,0,0.9822,0,0.9597
test_01131.png,0,0.9313,0,0.9050,0,0.8678,0,0.9688,0,0.9893,0,0.9574
test_01132.png,0,0.5656,2,0.3160,2,0.4456,2,0.7842,2,0.5354,2,0.4800
test_01133.png,4,0.7684,4,0.6367,4,0.4279,4,0.6956,3,0.4040,4,0.5706
test_01134.png,3,0.4017,2,0.2925,4,0.3450,1,0.3580,3,0.7066,4,0.2865
test_01135.png,4,0.9811,4,0.7304,4,0.7436,4,0.8555,4,0.9642,4,0.9155
test_01136.png,2,0.4713,2,0.5983,2,0.4946,2,0.8953,3,0.5212,2,0.5950
test_01137.png,3,0.7757,3,0.6862,3,0.7148,3,0.4737,3,0.8597,3,0.7534
test_01138.png,2,0.8883,2,0.7770,2,0.7798,2,0.8705,2,0.6736,2,0.8270
test_01139.png,0,0.9888,0,0.4312,0,0.8560,0,0.6213,0,0.8528,0,0.8469
test_01140.png,0,0.8961,0,0.7659,0,0.8443,0,0.9780,0,0.9342,0,0.9156
test_01141.png,0,0.9417,2,0.3650,0,0.6232,0,0.6442,0,0.7950,0,0.7229
test_01142.png,0,0.9931,0,0.9540,0,0.9024,0,0.9485,0,0.9958,0,0.9789
test_01143.png,3,0.6411,3,0.3981,2,0.3456,0,0.3481,3,0.7482,3,0.5008
test_01144.png,3,0.9556,3,0.8408,3,0.6638,3,0.5009,3,0.6957,3,0.7890
test_01145.png,0,0.9988,0,0.8204,0,0.9275,0,0.9776,0,0.9920,0,0.9817
test_01146.png,0,0.9113,3,0.4761,0,0.6615,0,0.9202,0,0.8735,0,0.8169
test_01147.png,1,0.7197,3,0.4061,1,0.3327,3,0.4711,3,0.7852,3,0.4823
test_01148.png,0,0.9877,0,0.8867,0,0.9304,0,0.9812,0,0.9540,0,0.9674
test_01149.png,0,0.9513,0,0.7319,0,0.5503,0,0.6065,0,0.9573,0,0.8344
test_01150.png,4,0.5035,2,0.3723,3,0.3751,3,0.3235,3,0.6430,3,0.4370
test_01151.png,0,0.5866,0,0.9056,0,0.8330,0,0.6733,0,0.7353,0,0.8004
test_01152.png,0,0.9849,0,0.8873,0,0.8927,0,0.9729,0,0.9907,0,0.9747
test_01153.png,3,0.4866,0,0.4767,3,0.4186,0,0.5154,0,0.6396,0,0.5324
test_01154.png,0,0.9289,0,0.6569,0,0.5815,0,0.9068,0,0.7845,0,0.8246
test_01155.png,0,0.9915,0,0.8455,0,0.7821,0,0.9424,0,0.9884,0,0.9595
test_01156.png,4,0.6469,4,0.4646,2,0.4754,2,0.7475,2,0.8359,2,0.5857
test_01157.png,1,0.9890,1,0.4886,1,0.5698,1,0.9059,1,0.7371,1,0.8484
test_01158.png,3,0.9568,3,0.5582,3,0.7916,3,0.7239,3,0.9426,3,0.8699
test_01159.png,0,0.9122,3,0.5449,0,0.8243,0,0.5806,0,0.8609,0,0.7443
test_01160.png,2,0.8658,2,0.8214,2,0.8435,2,0.9521,2,0.8867,2,0.8927
test_01161.png,1,0.9707,4,0.3152,4,0.4475,4,0.5678,4,0.3725,1,0.5206
test_01162.png,1,0.6940,2,0.5141,1,0.3844,4,0.4032,4,0.4882,4,0.3542
test_01163.png,4,0.7149,2,0.4097,2,0.6757,2,0.4748,2,0.5963,4,0.4211
test_01164.png,4,0.9633,4,0.6492,4,0.7000,4,0.4865,4,0.9388,4,0.8337
test_01165.png,1,0.9907,1,0.6205,1,0.5760,1,0.6029,1,0.9048,1,0.8407
test_01166.png,0,0.9196,0,0.8019,0,0.7553,0,0.8887,0,0.9234,0,0.8766
test_01167.png,0,0.9920,0,0.6995,0,0.8967,0,0.9620,0,0.9447,0,0.9463
test_01168.png,0,0.5106,0,0.5185,0,0.6487,0,0.5949,0,0.7839,0,0.6319
test_01169.png,0,0.9691,0,0.8130,0,0.6817,0,0.9115,0,0.7908,0,0.8718
test_01170.png,1,0.9684,1,0.5030,1,0.6135,1,0.4978,1,0.7926,1,0.7871
test_01171.png,0,0.5481,0,0.6680,4,0.4074,0,0.8531,0,0.5423,0,0.5796
test_01172.png,0,0.9707,0,0.7544,3,0.4134,0,0.9315,3,0.4794,0,0.8049
test_01173.png,4,0.5395,2,0.6715,2,0.5748,2,0.8981,2,0.7722,2,0.7248
test_01174.png,0,0.9991,0,0.9871,0,0.9566,0,0.9852,0,0.9946,0,0.9924
test_01175.png,2,0.7110,2,0.5973,2,0.4784,2,0.7990,2,0.4924,2,0.6400
test_01176.png,1,0.8914,4,0.6240,3,0.5243,3,0.4523,3,0.6625,3,0.3550
test_01177.png,0,0.5912,0,0.7970,0,0.7379,0,0.6326,1,0.8393,0,0.6298
test_01178.png,0,0.8344,0,0.9302,0,0.7380,0,0.9527,0,0.8999,0,0.8974
test_01179.png,0,0.9934,0,0.9651,0,0.8494,0,0.9938,0,0.9977,0,0.9876
test_01180.png,0,0.9742,0,0.8004,0,0.8892,0,0.9577,0,0.8524,0,0.9230
test_01181.png,0,0.8358,0,0.8838,0,0.8174,0,0.9151,0,0.9494,0,0.8966
test_01182.png,0,0.8787,0,0.4009,0,0.4394,0,0.5254,0,0.7050,0,0.6271
test_01183.png,0,0.9658,0,0.8946,0,0.5434,0,0.5260,0,0.9383,0,0.8641
test_01184.png,4,0.9510,4,0.4878,4,0.6897,4,0.8319,4,0.7415,4,0.8027
test_01185.png,0,0.8977,0,0.7458,0,0.6894,0,0.8366,0,0.9606,0,0.8614
test_01186.png,0,0.7587,3,0.4542,0,0.7175,2,0.3456,0,0.4600,0,0.4699
test_01187.png,4,0.9603,4,0.7323,4,0.8695,4,0.7594,4,0.8245,4,0.8866
test_01188.png,3,0.4499,0,0.4922,2,0.3970,2,0.5736,0,0.4782,0,0.3147
test_01189.png,0,0.9981,0,0.7829,0,0.8901,0,0.9792,0,0.9826,0,0.9754
test_01190.png,0,0.9732,2,0.3915,0,0.6972,0,0.8211,0,0.9595,0,0.8588
test_01191.png,0,0.9979,0,0.8367,0,0.9069,0,0.9425,0,0.9784,0,0.9690
test_01192.png,2,0.8097,2,0.8106,2,0.7946,2,0.9274,2,0.8644,2,0.8570
test_01193.png,4,0.4687,3,0.4457,3,0.4228,3,0.3522,3,0.5984,3,0.4468
test_01194.png,4,0.9298,4,0.5490,2,0.3320,4,0.5453,0,0.7487,4,0.5709
test_01195.png,2,0.8834,2,0.8286,2,0.8734,2,0.6833,2,0.7904,2,0.8322
test_01196.png,2,0.9419,4,0.4155,2,0.5637,2,0.6949,2,0.4291,2,0.6545
test_01197.png,1,0.7344,2,0.5833,2,0.4884,2,0.6636,4,0.5970,2,0.4324
test_01198.png,2,0.7581,2,0.6600,2,0.4730,2,0.4236,2,0.4419,2,0.5958
test_01199.png,4,0.8835,4,0.4660,4,0.6594,2,0.8373,4,0.6369,4,0.5659
test_01200.png,1,0.8746,1,0.5909,1,0.6733,1,0.7810,1,0.6484,1,0.7592
test_01201.png,2,0.8388,2,0.6057,2,0.6946,2,0.8668,2,0.8461,2,0.8042
test_01202.png,0,0.9981,0,0.8969,0,0.7805,0,0.9763,0,0.9938,0,0.9798
test_01203.png,3,0.8335,3,0.7286,3,0.6657,3,0.8769,3,0.9553,3,0.8607
test_01204.png,1,0.6999,2,0.2686,4,0.3242,1,0.3234,4,0.6907,4,0.4267
test_01205.png,4,0.3673,2,0.5313,3,0.6780,2,0.4347,3,0.4005,3,0.4650
test_01206.png,1,0.9730,1,0.7950,1,0.7590,1,0.6822,4,0.6219,1,0.7281
test_01207.png,4,0.9788,4,0.5903,4,0.6086,4,0.4790,4,0.6239,4,0.7537
test_01208.png,4,0.9104,2,0.4473,4,0.4811,4,0.7630,4,0.5937,4,0.6488
test_01209.png,4,0.5716,4,0.4684,2,0.6862,4,0.5530,2,0.8350,2,0.5906
test_01210.png,0,0.7913,0,0.6464,0,0.7078,0,0.8333,0,0.6472,0,0.7681
test_01211.png,0,0.7931,0,0.6688,0,0.7119,0,0.9547,0,0.9618,0,0.8771
test_01212.png,4,0.6976,3,0.3421,1,0.3824,3,0.4924,3,0.4064,4,0.3410
test_01213.png,0,0.6554,0,0.5447,0,0.6937,0,0.3884,0,0.7453,0,0.6290
test_01214.png,0,0.9897,0,0.8845,0,0.8897,0,0.9387,0,0.9378,0,0.9492
test_01215.png,0,0.6865,0,0.5324,0,0.7136,0,0.9665,3,0.6251,0,0.7324
test_01216.png,0,0.8664,0,0.8653,0,0.7088,0,0.8505,0,0.8565,0,0.8500
test_01217.png,0,0.9820,0,0.9085,0,0.8014,0,0.9537,0,0.9380,0,0.9483
test_01218.png,0,0.8585,3,0.4864,0,0.5985,3,0.4301,3,0.4975,0,0.4872
test_01219.png,4,0.8756,4,0.7375,4,0.4547,4,0.6185,4,0.7171,4,0.7246
test_01220.png,4,0.5773,2,0.4327,2,0.4396,2,0.7747,2,0.5125,2,0.5154
test_01221.png,4,0.6125,2,0.4906,2,0.4047,4,0.6848,2,0.5293,4,0.5534
test_01222.png,0,0.7644,0,0.5594,0,0.4513,0,0.9493,0,0.9752,0,0.8590
test_01223.png,3,0.4903,0,0.5437,3,0.4544,0,0.6872,0,0.7566,0,0.5072
test_01224.png,4,0.5863,4,0.4203,2,0.6104,2,0.6044,4,0.6013,2,0.4781
test_01225.png,4,0.8678,2,0.4520,4,0.4472,2,0.4153,2,0.4603,4,0.4392
test_01226.png,2,0.7700,4,0.4603,2,0.5529,2,0.9037,2,0.8737,2,0.7557
test_01227.png,0,0.9821,0,0.8430,0,0.6564,0,0.8518,0,0.9466,0,0.9062
test_01228.png,4,0.8665,4,0.5666,4,0.6933,4,0.9447,4,0.8599,4,0.8358
test_01229.png,0,0.5065,0,0.5362,0,0.5722,0,0.9281,0,0.5821,0,0.6697
test_01230.png,3,0.8140,3,0.7195,3,0.6052,3,0.7283,3,0.6460,3,0.7313
test_01231.png,4,0.9199,0,0.5052,4,0.5142,4,0.4426,0,0.6613,4,0.5150
test_01232.png,4,0.8130,2,0.5696,4,0.4436,2,0.6013,4,0.5441,4,0.5086
test_01233.png,4,0.5213,2,0.5678,3,0.3173,2,0.7059,2,0.6941,2,0.5094
test_01234.png,0,0.7765,0,0.6940,0,0.3509,0,0.5010,3,0.6294,0,0.5680
test_01235.png,0,0.9886,0,0.8861,0,0.9429,0,0.8853,0,0.9781,0,0.9607
test_01236.png,1,0.6964,1,0.5299,4,0.5109,1,0.7089,1,0.6868,1,0.5469
test_01237.png,0,0.9945,0,0.6705,0,0.9282,0,0.9828,0,0.9798,0,0.9701
test_01238.png,4,0.4116,2,0.3384,2,0.3385,2,0.6193,2,0.6834,2,0.4217
test_01239.png,4,0.6167,2,0.6316,2,0.5470,2,0.8091,2,0.7386,2,0.6481
test_01240.png,2,0.4851,2,0.4249,2,0.5554,2,0.6349,3,0.3564,2,0.4621
test_01241.png,0,0.9546,0,0.4911,0,0.6359,0,0.6587,0,0.8797,0,0.7885
test_01242.png,0,0.6304,0,0.8028,0,0.5844,0,0.5763,0,0.9195,0,0.7567
test_01243.png,4,0.9903,4,0.6169,4,0.3820,1,0.6014,4,0.6979,4,0.7146
test_01244.png,3,0.3858,3,0.4297,3,0.3752,3,0.4886,3,0.7839,3,0.5226
test_01245.png,4,0.8276,4,0.5462,1,0.4274,4,0.6411,4,0.5749,4,0.6740
test_01246.png,2,0.8824,2,0.6216,4,0.4902,2,0.6525,2,0.8474,2,0.7245
test_01247.png,0,0.9149,0,0.8764,0,0.4971,0,0.8917,0,0.9072,0,0.8602
test_01248.png,0,0.5946,2,0.7360,2,0.6739,2,0.8726,2,0.8574,2,0.7663
test_01249.png,1,0.9016,1,0.3319,1,0.5542,1,0.7824,1,0.3607,1,0.6757
test_01250.png,0,0.9940,0,0.9505,0,0.7365,0,0.9478,0,0.9898,0,0.9694
test_01251.png,4,0.6364,2,0.5059,4,0.5741,4,0.6984,4,0.5925,4,0.5983
test_01252.png,0,0.9675,0,0.6128,0,0.6595,0,0.8321,0,0.9816,0,0.8894
test_01253.png,0,0.9947,0,0.8900,0,0.8083,0,0.9198,0,0.9931,0,0.9646
test_01254.png,1,0.7236,1,0.3903,4,0.3348,4,0.3901,0,0.3855,1,0.3538
test_01255.png,0,0.9097,0,0.5016,0,0.8187,0,0.9153,0,0.9167,0,0.8588
test_01256.png,0,0.9877,0,0.5301,0,0.8158,0,0.9291,0,0.8004,0,0.9042
test_01257.png,0,0.9599,0,0.8316,0,0.9396,0,0.9867,0,0.9858,0,0.9648
test_01258.png,0,0.9989,0,0.9660,0,0.9266,0,0.9842,0,0.9931,0,0.9901
test_01259.png,3,0.8227,3,0.7020,2,0.4076,3,0.4481,3,0.7646,3,0.6907
test_01260.png,0,0.9075,0,0.7107,0,0.5195,0,0.9250,0,0.9449,0,0.8582
test_01261.png,4,0.7812,4,0.5032,4,0.3386,4,0.8740,4,0.7923,4,0.7216
test_01262.png,3,0.5925,3,0.8099,0,0.5329,3,0.4798,3,0.4961,3,0.5866
test_01263.png,0,0.9955,0,0.5981,0,0.9131,0,0.9245,0,0.9056,0,0.9363
test_01264.png,0,0.6061,0,0.4550,0,0.3547,0,0.3832,0,0.8512,0,0.5705
