Image_Path,True_Label,OOF_Pred,Prob_Class_0,Prob_Class_1,Prob_Class_2,Prob_Class_3,Prob_Class_4,Is_Correct
/root/autodl-tmp/data/train_few_shot/Class_0/Class_0_001.png,0,0,0.8126276135444641,0.031995657831430435,0.04997218772768974,0.0690566822886467,0.03634779155254364,True
/root/autodl-tmp/data/train_few_shot/Class_0/Class_0_002.png,0,0,0.39152541756629944,0.37504205107688904,0.006031160708516836,0.22146596014499664,0.005935396999120712,True
/root/autodl-tmp/data/train_few_shot/Class_0/Class_0_003.png,0,0,0.6528701782226562,0.03270387277007103,0.05956960842013359,0.23792606592178345,0.016930291429162025,True
/root/autodl-tmp/data/train_few_shot/Class_0/Class_0_004.png,0,0,0.9484528303146362,0.0035168237518519163,0.007558314595371485,0.005319171119481325,0.035152800381183624,True
/root/autodl-tmp/data/train_few_shot/Class_0/Class_0_005.png,0,2,0.1264878809452057,0.019912507385015488,0.598639965057373,0.21688878536224365,0.03807087242603302,False
/root/autodl-tmp/data/train_few_shot/Class_0/Class_0_006.png,0,0,0.9898229837417603,0.0011141502764075994,0.001436767284758389,0.001197216333821416,0.006428848020732403,True
/root/autodl-tmp/data/train_few_shot/Class_0/Class_0_007.png,0,0,0.9680728912353516,0.005275937262922525,0.021420011296868324,0.0013975802576169372,0.0038335644640028477,True
/root/autodl-tmp/data/train_few_shot/Class_0/Class_0_008.png,0,0,0.9751483201980591,0.01096451934427023,0.01009397767484188,0.0011533303186297417,0.0026399162597954273,True
/root/autodl-tmp/data/train_few_shot/Class_0/Class_0_009.png,0,0,0.9205343127250671,0.007408115081489086,0.04745220020413399,0.008787833154201508,0.01581750437617302,True
/root/autodl-tmp/data/train_few_shot/Class_0/Class_0_010.png,0,3,0.05910421162843704,0.058578260242938995,0.3202590346336365,0.5375074148178101,0.024551110342144966,False
/root/autodl-tmp/data/train_few_shot/Class_0/Class_0_011.png,0,4,0.01622149720788002,0.09555346518754959,0.28701186180114746,0.04025135561823845,0.5609617829322815,False
/root/autodl-tmp/data/train_few_shot/Class_0/Class_0_012.png,0,0,0.7819885015487671,0.011119970120489597,0.14909495413303375,0.04873672127723694,0.009059898555278778,True
/root/autodl-tmp/data/train_few_shot/Class_0/Class_0_013.png,0,2,0.04790801554918289,0.010982289910316467,0.9161068201065063,0.022352594882249832,0.002650229725986719,False
/root/autodl-tmp/data/train_few_shot/Class_0/Class_0_014.png,0,0,0.7941315174102783,0.0028282569255679846,0.1882195919752121,0.012192165479063988,0.002628578571602702,True
/root/autodl-tmp/data/train_few_shot/Class_0/Class_0_015.png,0,0,0.6570262312889099,0.004692955873906612,0.19688400626182556,0.13604067265987396,0.005356123670935631,True
/root/autodl-tmp/data/train_few_shot/Class_0/Class_0_016.png,0,2,0.23900529742240906,0.011776508763432503,0.6009164452552795,0.13151852786540985,0.01678326725959778,False
/root/autodl-tmp/data/train_few_shot/Class_0/Class_0_017.png,0,0,0.7543891072273254,0.005031956825405359,0.02385568432509899,0.0026134068612009287,0.21410982310771942,True
/root/autodl-tmp/data/train_few_shot/Class_0/Class_0_018.png,0,0,0.9377503991127014,0.007484348025172949,0.04045451059937477,0.005224620457738638,0.009086007252335548,True
/root/autodl-tmp/data/train_few_shot/Class_0/Class_0_019.png,0,0,0.9189515709877014,0.027629226446151733,0.029594916850328445,0.007566604297608137,0.01625765860080719,True
/root/autodl-tmp/data/train_few_shot/Class_0/Class_0_020.png,0,0,0.8419793248176575,0.04349550977349281,0.01571556366980076,0.056616246700286865,0.04219326004385948,True
/root/autodl-tmp/data/train_few_shot/Class_0/Class_0_021.png,0,3,0.3634378910064697,0.0049184649251401424,0.04142238199710846,0.5885329246520996,0.0016883633797988296,False
/root/autodl-tmp/data/train_few_shot/Class_0/Class_0_022.png,0,2,0.06089089810848236,0.051484666764736176,0.4563552439212799,0.07845701277256012,0.35281217098236084,False
/root/autodl-tmp/data/train_few_shot/Class_0/Class_0_023.png,0,2,0.010007613338530064,0.00959101878106594,0.9714667797088623,0.006235943641513586,0.002698549535125494,False
/root/autodl-tmp/data/train_few_shot/Class_0/Class_0_024.png,0,2,0.31699225306510925,0.0015372587367892265,0.666648268699646,0.00014584825839847326,0.014676363207399845,False
/root/autodl-tmp/data/train_few_shot/Class_0/Class_0_025.png,0,2,0.05272877216339111,0.007405944634228945,0.8808010220527649,0.053480055183172226,0.005584183614701033,False
/root/autodl-tmp/data/train_few_shot/Class_0/Class_0_026.png,0,0,0.9589905738830566,0.0038871464785188437,0.017882395535707474,0.01297834049910307,0.006261549424380064,True
/root/autodl-tmp/data/train_few_shot/Class_0/Class_0_027.png,0,0,0.9867375493049622,0.004185427911579609,0.00033396660001017153,0.0022830094676464796,0.006460194475948811,True
/root/autodl-tmp/data/train_few_shot/Class_0/Class_0_028.png,0,0,0.9354991912841797,0.023896047845482826,0.004049915354698896,0.000367065891623497,0.036187704652547836,True
/root/autodl-tmp/data/train_few_shot/Class_0/Class_0_029.png,0,0,0.7386480569839478,0.0022595396731048822,0.0026107511948794127,0.25455161929130554,0.00192997173871845,True
/root/autodl-tmp/data/train_few_shot/Class_0/Class_0_030.png,0,0,0.9690991044044495,0.0016944711096584797,0.007543382700532675,0.010808066464960575,0.010854989290237427,True
/root/autodl-tmp/data/train_few_shot/Class_0/Class_0_031.png,0,0,0.8702950477600098,0.01080287154763937,0.022989459335803986,0.02616736851632595,0.06974527984857559,True
/root/autodl-tmp/data/train_few_shot/Class_0/Class_0_032.png,0,0,0.5101364850997925,0.02438330464065075,0.1886989176273346,0.2506301999092102,0.026151100173592567,True
/root/autodl-tmp/data/train_few_shot/Class_0/Class_0_033.png,0,0,0.4591568410396576,0.041881926357746124,0.1912255883216858,0.303491473197937,0.004244111478328705,True
/root/autodl-tmp/data/train_few_shot/Class_0/Class_0_034.png,0,0,0.8817766308784485,0.004004741087555885,0.05703368037939072,0.01941743865609169,0.03776754438877106,True
/root/autodl-tmp/data/train_few_shot/Class_0/Class_0_035.png,0,0,0.9588044285774231,0.018782470375299454,0.0069732884876430035,0.010750822722911835,0.004688836168497801,True
/root/autodl-tmp/data/train_few_shot/Class_0/Class_0_036.png,0,2,0.14458827674388885,0.03270205482840538,0.6920612454414368,0.10854563117027283,0.022102830931544304,False
/root/autodl-tmp/data/train_few_shot/Class_0/Class_0_037.png,0,0,0.9575291872024536,0.008821937255561352,0.005872136913239956,0.01638275943696499,0.011394019238650799,True
/root/autodl-tmp/data/train_few_shot/Class_0/Class_0_038.png,0,0,0.9834108948707581,0.007081752642989159,0.0012721748789772391,0.006693117320537567,0.001542025012895465,True
/root/autodl-tmp/data/train_few_shot/Class_0/Class_0_039.png,0,0,0.6223313212394714,0.0037750601768493652,0.008834059350192547,0.2550080716609955,0.11005152761936188,True
/root/autodl-tmp/data/train_few_shot/Class_0/Class_0_040.png,0,4,0.007345317397266626,0.0032456351909786463,0.005011782981455326,0.0028863546904176474,0.9815108180046082,False
/root/autodl-tmp/data/train_few_shot/Class_0/Class_0_041.png,0,0,0.6013458967208862,0.05357242375612259,0.06816434115171432,0.25893527269363403,0.017982058227062225,True
/root/autodl-tmp/data/train_few_shot/Class_0/Class_0_042.png,0,0,0.9799532890319824,0.006094409618526697,0.008622942492365837,0.0010131174931302667,0.0043162270449101925,True
/root/autodl-tmp/data/train_few_shot/Class_0/Class_0_043.png,0,0,0.4396708309650421,0.028443843126296997,0.1577548235654831,0.35945892333984375,0.014671538025140762,True
/root/autodl-tmp/data/train_few_shot/Class_0/Class_0_044.png,0,0,0.9779534339904785,0.0012999105965718627,0.0010616893414407969,0.004137666430324316,0.015547302551567554,True
/root/autodl-tmp/data/train_few_shot/Class_0/Class_0_045.png,0,0,0.9357576370239258,0.017686398699879646,0.02090485394001007,0.006937720812857151,0.01871340349316597,True
/root/autodl-tmp/data/train_few_shot/Class_0/Class_0_046.png,0,3,0.41322189569473267,0.02142866887152195,0.006468300241976976,0.5495672821998596,0.009313828311860561,False
/root/autodl-tmp/data/train_few_shot/Class_0/Class_0_047.png,0,0,0.9340920448303223,0.0201333649456501,0.029270799830555916,0.001969704171642661,0.014534148387610912,True
/root/autodl-tmp/data/train_few_shot/Class_0/Class_0_048.png,0,0,0.938926100730896,0.009094350039958954,0.019337521865963936,0.02237464301288128,0.010267416015267372,True
/root/autodl-tmp/data/train_few_shot/Class_0/Class_0_049.png,0,0,0.946800947189331,0.010165607556700706,0.0069630565121769905,0.0016840740572661161,0.03438626602292061,True
/root/autodl-tmp/data/train_few_shot/Class_0/Class_0_050.png,0,0,0.9523290991783142,0.008468001149594784,0.014396143145859241,0.020856894552707672,0.003949832171201706,True
/root/autodl-tmp/data/train_few_shot/Class_1/Class_1_001.png,1,1,0.0018905398901551962,0.975760817527771,0.007993640378117561,0.011694069020450115,0.002660864731296897,True
/root/autodl-tmp/data/train_few_shot/Class_1/Class_1_002.png,1,1,0.0016505054663866758,0.9862934350967407,0.0012194961309432983,0.004061377607285976,0.006775130517780781,True
/root/autodl-tmp/data/train_few_shot/Class_1/Class_1_003.png,1,1,0.05987462401390076,0.4832630753517151,0.012323168106377125,0.06863920390605927,0.37589988112449646,True
/root/autodl-tmp/data/train_few_shot/Class_1/Class_1_004.png,1,1,0.011675026267766953,0.9835648536682129,0.0004783369367942214,0.0029580113478004932,0.001323878881521523,True
/root/autodl-tmp/data/train_few_shot/Class_1/Class_1_005.png,1,1,0.07429897785186768,0.9112517237663269,0.00524644460529089,0.004436829127371311,0.004765980411320925,True
/root/autodl-tmp/data/train_few_shot/Class_1/Class_1_006.png,1,1,0.0030015772208571434,0.9500590562820435,0.023064857348799706,0.012639588676393032,0.011235002428293228,True
/root/autodl-tmp/data/train_few_shot/Class_1/Class_1_007.png,1,1,0.00479994947090745,0.9794740080833435,0.008021312765777111,0.004303968045860529,0.003400823101401329,True
/root/autodl-tmp/data/train_few_shot/Class_1/Class_1_008.png,1,1,0.0067844511941075325,0.960806667804718,0.008165987208485603,0.0030638196039944887,0.021179035305976868,True
/root/autodl-tmp/data/train_few_shot/Class_1/Class_1_009.png,1,1,0.041250333189964294,0.8538578748703003,0.033054597675800323,0.032703947275877,0.03913328796625137,True
/root/autodl-tmp/data/train_few_shot/Class_1/Class_1_010.png,1,1,0.01693408004939556,0.8387297987937927,0.026838282123208046,0.02053721807897091,0.09696070849895477,True
/root/autodl-tmp/data/train_few_shot/Class_1/Class_1_011.png,1,2,0.20429947972297668,0.28713124990463257,0.36152389645576477,0.1057407483458519,0.0413045734167099,False
/root/autodl-tmp/data/train_few_shot/Class_1/Class_1_012.png,1,1,0.003900459734722972,0.7984596490859985,0.010074833407998085,0.00251159630715847,0.18505346775054932,True
/root/autodl-tmp/data/train_few_shot/Class_1/Class_1_013.png,1,1,0.001502143102698028,0.9961894154548645,0.0004717048432212323,0.0007124551339074969,0.0011243292829021811,True
/root/autodl-tmp/data/train_few_shot/Class_1/Class_1_014.png,1,1,0.0015461796429008245,0.9772511124610901,0.016622593626379967,0.0024935505352914333,0.0020866349805146456,True
/root/autodl-tmp/data/train_few_shot/Class_1/Class_1_015.png,1,1,0.021022513508796692,0.9134071469306946,0.030878590419888496,0.017383676022291183,0.017308130860328674,True
/root/autodl-tmp/data/train_few_shot/Class_1/Class_1_016.png,1,4,0.0055578481405973434,0.007935283705592155,0.002750393934547901,0.0025266066659241915,0.9812300205230713,False
/root/autodl-tmp/data/train_few_shot/Class_1/Class_1_017.png,1,1,0.0032303822226822376,0.9897374510765076,0.004034813959151506,0.0014075117651373148,0.0015898406272754073,True
/root/autodl-tmp/data/train_few_shot/Class_1/Class_1_018.png,1,1,0.007305854931473732,0.9327967166900635,0.013335191644728184,0.01875331439077854,0.027808990329504013,True
/root/autodl-tmp/data/train_few_shot/Class_1/Class_1_019.png,1,1,0.010754040442407131,0.9389457702636719,0.026332717388868332,0.016153927892446518,0.007813582196831703,True
/root/autodl-tmp/data/train_few_shot/Class_1/Class_1_020.png,1,1,0.021851783618330956,0.9330890774726868,0.005917693022638559,0.0188191719353199,0.020322326570749283,True
/root/autodl-tmp/data/train_few_shot/Class_1/Class_1_021.png,1,1,0.0006539348396472633,0.5955590605735779,0.3731006383895874,0.003941784147173166,0.026744624599814415,True
/root/autodl-tmp/data/train_few_shot/Class_1/Class_1_022.png,1,1,0.0056761098094284534,0.981027364730835,0.0033543675672262907,0.008885206654667854,0.0010570046724751592,True
/root/autodl-tmp/data/train_few_shot/Class_1/Class_1_023.png,1,1,0.14104829728603363,0.8335655927658081,0.012052960693836212,0.00450246874243021,0.00883063580840826,True
/root/autodl-tmp/data/train_few_shot/Class_1/Class_1_024.png,1,1,0.002986564766615629,0.9313099980354309,0.012619455344974995,0.012547608464956284,0.04053639993071556,True
/root/autodl-tmp/data/train_few_shot/Class_1/Class_1_025.png,1,1,0.03358647599816322,0.8726511597633362,0.04564622417092323,0.03221734240651131,0.015898805111646652,True
/root/autodl-tmp/data/train_few_shot/Class_1/Class_1_026.png,1,1,0.035808462649583817,0.9213579893112183,0.024672018364071846,0.014380987733602524,0.003780549159273505,True
/root/autodl-tmp/data/train_few_shot/Class_1/Class_1_027.png,1,1,0.025253189727663994,0.9267092347145081,0.007382699754089117,0.0358930304646492,0.004761865362524986,True
/root/autodl-tmp/data/train_few_shot/Class_1/Class_1_028.png,1,1,0.03516194596886635,0.9374013543128967,0.006840159185230732,0.014273121021687984,0.00632336875423789,True
/root/autodl-tmp/data/train_few_shot/Class_1/Class_1_029.png,1,1,0.013453242368996143,0.879392147064209,0.021124131977558136,0.06853510439395905,0.01749531365931034,True
/root/autodl-tmp/data/train_few_shot/Class_1/Class_1_030.png,1,1,0.0007247869507409632,0.8400984406471252,0.014111698605120182,0.0005972704966552556,0.1444678157567978,True
/root/autodl-tmp/data/train_few_shot/Class_1/Class_1_031.png,1,1,0.04246840998530388,0.8727585673332214,0.031208448112010956,0.03536001965403557,0.018204618245363235,True
/root/autodl-tmp/data/train_few_shot/Class_1/Class_1_032.png,1,1,0.0027994471602141857,0.977338433265686,0.0102836973965168,0.0047464678063988686,0.004832063801586628,True
/root/autodl-tmp/data/train_few_shot/Class_1/Class_1_033.png,1,1,0.09772361814975739,0.8339495062828064,0.024034293368458748,0.024551870301365852,0.019740693271160126,True
/root/autodl-tmp/data/train_few_shot/Class_1/Class_1_034.png,1,1,0.004797665867954493,0.8688303828239441,0.01318876352161169,0.0005390621954575181,0.1126440167427063,True
/root/autodl-tmp/data/train_few_shot/Class_1/Class_1_035.png,1,1,0.0026061316020786762,0.9911171197891235,0.0023169901687651873,0.002204441698268056,0.0017553012585267425,True
/root/autodl-tmp/data/train_few_shot/Class_1/Class_1_036.png,1,1,0.12215955555438995,0.691312313079834,0.07754428684711456,0.008884408511221409,0.10009948164224625,True
/root/autodl-tmp/data/train_few_shot/Class_1/Class_1_037.png,1,1,0.02330600656569004,0.761633574962616,0.05455642193555832,0.004722399637103081,0.1557816118001938,True
/root/autodl-tmp/data/train_few_shot/Class_1/Class_1_038.png,1,1,0.003897263901308179,0.9446525573730469,0.0007700758287683129,0.015349404886364937,0.03533077612519264,True
/root/autodl-tmp/data/train_few_shot/Class_1/Class_1_039.png,1,1,0.0017371335998177528,0.9794491529464722,0.0137679697945714,0.003029607469215989,0.002016138518229127,True
/root/autodl-tmp/data/train_few_shot/Class_1/Class_1_040.png,1,3,0.04403902590274811,0.4328994154930115,0.04772181436419487,0.4451213777065277,0.030218327417969704,False
/root/autodl-tmp/data/train_few_shot/Class_1/Class_1_041.png,1,1,0.0059150997549295425,0.9621917605400085,0.0011848083231598139,0.025600066408514977,0.005108299665153027,True
/root/autodl-tmp/data/train_few_shot/Class_1/Class_1_042.png,1,1,0.0004625674628186971,0.993720293045044,0.002089102752506733,0.002289712429046631,0.001438321196474135,True
/root/autodl-tmp/data/train_few_shot/Class_1/Class_1_043.png,1,1,0.027585064992308617,0.652560293674469,0.23182456195354462,0.05413822829723358,0.033891886472702026,True
/root/autodl-tmp/data/train_few_shot/Class_1/Class_1_044.png,1,1,0.008623269386589527,0.9631633758544922,0.007462834939360619,0.013045327737927437,0.007705244701355696,True
/root/autodl-tmp/data/train_few_shot/Class_1/Class_1_045.png,1,1,0.010070079937577248,0.9362534284591675,0.005426991730928421,0.007376204710453749,0.04087328165769577,True
/root/autodl-tmp/data/train_few_shot/Class_1/Class_1_046.png,1,1,0.0036843311972916126,0.982291579246521,0.011698293499648571,0.0013764924369752407,0.0009493110701441765,True
/root/autodl-tmp/data/train_few_shot/Class_1/Class_1_047.png,1,1,0.030790358781814575,0.8676549792289734,0.040538426488637924,0.04038766026496887,0.020628618076443672,True
/root/autodl-tmp/data/train_few_shot/Class_1/Class_1_048.png,1,2,0.04189056530594826,0.0738738402724266,0.6866291165351868,0.15556220710277557,0.042044300585985184,False
/root/autodl-tmp/data/train_few_shot/Class_1/Class_1_049.png,1,1,0.000964319973718375,0.9912509918212891,0.002407878404483199,0.0035931661259382963,0.0017835956532508135,True
/root/autodl-tmp/data/train_few_shot/Class_1/Class_1_050.png,1,1,0.029421402141451836,0.8514919877052307,0.03639998659491539,0.02229185216128826,0.060394737869501114,True
/root/autodl-tmp/data/train_few_shot/Class_2/Class_2_001.png,2,2,0.012336332350969315,0.07343685626983643,0.6347166895866394,0.04015680029988289,0.23935334384441376,True
/root/autodl-tmp/data/train_few_shot/Class_2/Class_2_002.png,2,0,0.47041749954223633,0.21334199607372284,0.09294754266738892,0.08282670378684998,0.14046625792980194,False
/root/autodl-tmp/data/train_few_shot/Class_2/Class_2_003.png,2,2,0.01552959531545639,0.005637355614453554,0.9622789621353149,0.0069333952851593494,0.009620715864002705,True
/root/autodl-tmp/data/train_few_shot/Class_2/Class_2_004.png,2,2,0.08440861105918884,0.011978947557508945,0.49690306186676025,0.3292198181152344,0.07748960703611374,True
/root/autodl-tmp/data/train_few_shot/Class_2/Class_2_005.png,2,2,0.0028725953307002783,0.016301387920975685,0.9670401215553284,0.00235980236902833,0.011426041834056377,True
/root/autodl-tmp/data/train_few_shot/Class_2/Class_2_006.png,2,1,0.0001623855932848528,0.47728943824768066,0.10244391113519669,0.00045680487528443336,0.4196474552154541,False
/root/autodl-tmp/data/train_few_shot/Class_2/Class_2_007.png,2,2,0.23948164284229279,0.011336052790284157,0.693814754486084,0.022290736436843872,0.03307675942778587,True
/root/autodl-tmp/data/train_few_shot/Class_2/Class_2_008.png,2,2,0.0034063532948493958,0.0028940653428435326,0.959775447845459,0.007316349074244499,0.026607753708958626,True
/root/autodl-tmp/data/train_few_shot/Class_2/Class_2_009.png,2,2,0.031532157212495804,0.03243790939450264,0.6374313831329346,0.11049557477235794,0.18810293078422546,True
/root/autodl-tmp/data/train_few_shot/Class_2/Class_2_010.png,2,2,0.08363804966211319,0.10442210733890533,0.6221974492073059,0.1397726982831955,0.049969714134931564,True
/root/autodl-tmp/data/train_few_shot/Class_2/Class_2_011.png,2,2,0.019329173490405083,0.01862257346510887,0.8996503353118896,0.039724938571453094,0.02267296239733696,True
/root/autodl-tmp/data/train_few_shot/Class_2/Class_2_012.png,2,2,0.007592476438730955,0.009524203836917877,0.8698968291282654,0.1029093787074089,0.01007718313485384,True
/root/autodl-tmp/data/train_few_shot/Class_2/Class_2_013.png,2,2,0.0007396069122478366,0.0026973525527864695,0.9820067286491394,0.012939120642840862,0.0016171601600944996,True
/root/autodl-tmp/data/train_few_shot/Class_2/Class_2_014.png,2,2,0.006622498854994774,0.02055436372756958,0.9559494853019714,0.013925009407103062,0.002948593581095338,True
/root/autodl-tmp/data/train_few_shot/Class_2/Class_2_015.png,2,2,0.013041897676885128,0.019572807475924492,0.9476363658905029,0.013507281430065632,0.006241544149816036,True
/root/autodl-tmp/data/train_few_shot/Class_2/Class_2_016.png,2,2,0.014512688852846622,0.0046022613532841206,0.972836434841156,0.002762910909950733,0.00528566213324666,True
/root/autodl-tmp/data/train_few_shot/Class_2/Class_2_017.png,2,2,0.002105879131704569,0.002295839600265026,0.9942731261253357,0.0005839232471771538,0.000741292373277247,True
/root/autodl-tmp/data/train_few_shot/Class_2/Class_2_018.png,2,2,0.003651415929198265,0.07134349644184113,0.6279320120811462,0.02963201142847538,0.2674410045146942,True
/root/autodl-tmp/data/train_few_shot/Class_2/Class_2_019.png,2,0,0.7418213486671448,0.09784926474094391,0.037266720086336136,0.0011018080404028296,0.12196085602045059,False
/root/autodl-tmp/data/train_few_shot/Class_2/Class_2_020.png,2,3,0.012801779434084892,2.9983290005475283e-05,0.005610180553048849,0.9809228777885437,0.0006351988413371146,False
/root/autodl-tmp/data/train_few_shot/Class_2/Class_2_021.png,2,2,0.02082991786301136,0.03577306121587753,0.49292051792144775,0.07095690071582794,0.37951958179473877,True
/root/autodl-tmp/data/train_few_shot/Class_2/Class_2_022.png,2,2,0.013382161036133766,0.008576352149248123,0.9262959957122803,0.02028597518801689,0.031459495425224304,True
/root/autodl-tmp/data/train_few_shot/Class_2/Class_2_023.png,2,2,0.00663379393517971,0.011776945553719997,0.9627494215965271,0.00942155160009861,0.009418277069926262,True
/root/autodl-tmp/data/train_few_shot/Class_2/Class_2_024.png,2,4,0.0033093797974288464,0.00603478541597724,0.12997356057167053,0.01165697444230318,0.8490251302719116,False
/root/autodl-tmp/data/train_few_shot/Class_2/Class_2_025.png,2,2,0.007285609375685453,0.0025813328102231026,0.98699551820755,0.0023392054717987776,0.0007984437979757786,True
/root/autodl-tmp/data/train_few_shot/Class_2/Class_2_026.png,2,2,0.0030404527205973864,0.00673286197707057,0.8669431805610657,0.030606143176555634,0.09267733991146088,True
/root/autodl-tmp/data/train_few_shot/Class_2/Class_2_027.png,2,2,0.002769873943179846,0.0011418573558330536,0.9956485629081726,0.00018742404063232243,0.00025227636797353625,True
/root/autodl-tmp/data/train_few_shot/Class_2/Class_2_028.png,2,2,6.2177176005207e-05,0.0007398433517664671,0.9947623610496521,0.0002285958471475169,0.004207018297165632,True
/root/autodl-tmp/data/train_few_shot/Class_2/Class_2_029.png,2,4,0.00797566119581461,0.05224630981683731,0.17978405952453613,0.010294989682734013,0.7496989965438843,False
/root/autodl-tmp/data/train_few_shot/Class_2/Class_2_030.png,2,2,0.010239836759865284,0.29299017786979675,0.6623430848121643,0.01283739972859621,0.021589504554867744,True
/root/autodl-tmp/data/train_few_shot/Class_2/Class_2_031.png,2,2,0.007326269987970591,0.0024640746414661407,0.973735511302948,0.007069532759487629,0.009404560551047325,True
/root/autodl-tmp/data/train_few_shot/Class_2/Class_2_032.png,2,4,0.02489515207707882,0.02664286457002163,0.1937490850687027,0.03651195019483566,0.7182009816169739,False
/root/autodl-tmp/data/train_few_shot/Class_2/Class_2_033.png,2,2,0.0014125178568065166,0.020091652870178223,0.9690320491790771,0.002511080587282777,0.006952679716050625,True
/root/autodl-tmp/data/train_few_shot/Class_2/Class_2_034.png,2,2,0.0008729957044124603,0.005077944602817297,0.980117917060852,0.0027784244157373905,0.01115263719111681,True
/root/autodl-tmp/data/train_few_shot/Class_2/Class_2_035.png,2,2,0.0054239691235125065,0.009314293973147869,0.912063479423523,0.0014047709992155433,0.07179351150989532,True
/root/autodl-tmp/data/train_few_shot/Class_2/Class_2_036.png,2,2,0.005270616617053747,0.002707035979256034,0.9682105183601379,0.02210337109863758,0.001708515570499003,True
/root/autodl-tmp/data/train_few_shot/Class_2/Class_2_037.png,2,2,0.022323796525597572,0.012842194177210331,0.7628999352455139,0.12008389085531235,0.08185023814439774,True
/root/autodl-tmp/data/train_few_shot/Class_2/Class_2_038.png,2,2,0.026380309835076332,0.013445411808788776,0.9296858906745911,0.017453311011195183,0.013035008683800697,True
/root/autodl-tmp/data/train_few_shot/Class_2/Class_2_039.png,2,2,0.19814075529575348,0.005948774050921202,0.7162798643112183,0.06721948087215424,0.012411131523549557,True
/root/autodl-tmp/data/train_few_shot/Class_2/Class_2_040.png,2,2,0.026789382100105286,0.01608988270163536,0.9466226100921631,0.005841017235070467,0.004657153971493244,True
/root/autodl-tmp/data/train_few_shot/Class_2/Class_2_041.png,2,2,0.01134644728153944,0.3357597589492798,0.5002791285514832,0.15140169858932495,0.0012129457900300622,True
/root/autodl-tmp/data/train_few_shot/Class_2/Class_2_042.png,2,2,0.0024263865780085325,0.002739481395110488,0.9396640062332153,0.053911808878183365,0.0012582974741235375,True
/root/autodl-tmp/data/train_few_shot/Class_2/Class_2_043.png,2,2,0.0238882414996624,0.000957622192800045,0.9671209454536438,0.004967742599546909,0.0030654859729111195,True
/root/autodl-tmp/data/train_few_shot/Class_2/Class_2_044.png,2,2,0.006040818989276886,0.0038005684036761522,0.9829565286636353,0.0035383193753659725,0.0036638809833675623,True
/root/autodl-tmp/data/train_few_shot/Class_2/Class_2_045.png,2,2,0.10286402702331543,0.008913669735193253,0.7580336928367615,0.03857651725411415,0.09161210805177689,True
/root/autodl-tmp/data/train_few_shot/Class_2/Class_2_046.png,2,2,0.0041797528974711895,0.0012039708672091365,0.9777215123176575,0.003160269232466817,0.01373457070440054,True
/root/autodl-tmp/data/train_few_shot/Class_2/Class_2_047.png,2,2,0.001553604262880981,0.003553923452273011,0.9821788668632507,0.010452318005263805,0.0022612041793763638,True
/root/autodl-tmp/data/train_few_shot/Class_2/Class_2_048.png,2,2,0.0038460216019302607,0.0052747358568012714,0.9797025322914124,0.0025800438597798347,0.00859664473682642,True
/root/autodl-tmp/data/train_few_shot/Class_2/Class_2_049.png,2,2,0.11531064659357071,0.008625291287899017,0.8509958982467651,0.019845401868224144,0.005222801584750414,True
/root/autodl-tmp/data/train_few_shot/Class_2/Class_2_050.png,2,2,0.060769375413656235,0.03898566588759422,0.8091699481010437,0.07170752435922623,0.019367586821317673,True
/root/autodl-tmp/data/train_few_shot/Class_3/Class_3_001.png,3,3,0.00020595022942870855,0.004660698119550943,0.0023412052541971207,0.7073931694030762,0.2853989601135254,True
/root/autodl-tmp/data/train_few_shot/Class_3/Class_3_002.png,3,3,0.12785063683986664,0.034520477056503296,0.04980732128024101,0.7593451142311096,0.02847643382847309,True
/root/autodl-tmp/data/train_few_shot/Class_3/Class_3_003.png,3,4,0.010164610110223293,0.06444666534662247,0.01336392480880022,0.09434979408979416,0.8176749348640442,False
/root/autodl-tmp/data/train_few_shot/Class_3/Class_3_004.png,3,3,0.003716142848134041,0.006892363540828228,0.03183560073375702,0.9279024004936218,0.029653474688529968,True
/root/autodl-tmp/data/train_few_shot/Class_3/Class_3_005.png,3,2,0.07675912976264954,0.01710112951695919,0.6698662042617798,0.14720728993415833,0.08906629681587219,False
/root/autodl-tmp/data/train_few_shot/Class_3/Class_3_006.png,3,3,0.19799722731113434,0.04935616999864578,0.1781885027885437,0.5490550994873047,0.02540297992527485,True
/root/autodl-tmp/data/train_few_shot/Class_3/Class_3_007.png,3,2,0.12361832708120346,0.1180197224020958,0.31250864267349243,0.29736441373825073,0.14848895370960236,False
/root/autodl-tmp/data/train_few_shot/Class_3/Class_3_008.png,3,2,0.006890668533742428,0.005118155851960182,0.6249308586120605,0.3575790524482727,0.0054812198504805565,False
/root/autodl-tmp/data/train_few_shot/Class_3/Class_3_009.png,3,3,0.022117771208286285,0.013693190179765224,0.05626468360424042,0.6265050172805786,0.28141942620277405,True
/root/autodl-tmp/data/train_few_shot/Class_3/Class_3_010.png,3,2,0.0019130170112475753,0.0009067807695828378,0.9969724416732788,0.0001624059077585116,4.5333068555919454e-05,False
/root/autodl-tmp/data/train_few_shot/Class_3/Class_3_011.png,3,3,0.012733052484691143,0.002520464127883315,0.008749091997742653,0.9744413495063782,0.001555974711664021,True
/root/autodl-tmp/data/train_few_shot/Class_3/Class_3_012.png,3,1,0.034199368208646774,0.8312591314315796,0.02477729693055153,0.0717087835073471,0.03805547207593918,False
/root/autodl-tmp/data/train_few_shot/Class_3/Class_3_013.png,3,3,0.030214892700314522,0.007079743314534426,0.00649510882794857,0.946201503276825,0.010008785873651505,True
/root/autodl-tmp/data/train_few_shot/Class_3/Class_3_014.png,3,3,0.04655691981315613,0.03135806694626808,0.13276539742946625,0.5650320649147034,0.22428759932518005,True
/root/autodl-tmp/data/train_few_shot/Class_3/Class_3_015.png,3,4,0.0065528955310583115,0.00033966515911743045,0.011014334857463837,0.0006634636665694416,0.9814296364784241,False
/root/autodl-tmp/data/train_few_shot/Class_3/Class_3_016.png,3,3,0.033436257392168045,0.3301895558834076,0.0008092251373454928,0.615031361579895,0.020533690229058266,True
/root/autodl-tmp/data/train_few_shot/Class_3/Class_3_017.png,3,3,0.013494178652763367,0.1546841710805893,0.11980520188808441,0.6890206336975098,0.02299579605460167,True
/root/autodl-tmp/data/train_few_shot/Class_3/Class_3_018.png,3,3,0.0063063353300094604,0.0052073635160923,0.06863147765398026,0.9078222513198853,0.012032518163323402,True
/root/autodl-tmp/data/train_few_shot/Class_3/Class_3_019.png,3,3,0.04958843067288399,0.00432617450132966,0.1847936064004898,0.7398132681846619,0.021478472277522087,True
/root/autodl-tmp/data/train_few_shot/Class_3/Class_3_020.png,3,3,0.02538050338625908,0.008087859489023685,0.03570020943880081,0.9274616837501526,0.0033698081970214844,True
/root/autodl-tmp/data/train_few_shot/Class_3/Class_3_021.png,3,2,0.007820626720786095,0.008257596753537655,0.5325824618339539,0.4433650076389313,0.007974384352564812,False
/root/autodl-tmp/data/train_few_shot/Class_3/Class_3_022.png,3,2,0.056546200066804886,0.006305546499788761,0.6130897402763367,0.3172396719455719,0.0068188742734491825,False
/root/autodl-tmp/data/train_few_shot/Class_3/Class_3_023.png,3,2,0.02378622628748417,0.0022969746496528387,0.9347962141036987,0.012455434538424015,0.02666514366865158,False
/root/autodl-tmp/data/train_few_shot/Class_3/Class_3_024.png,3,2,0.000672371534164995,0.00029480745433829725,0.9953886270523071,0.002608849899843335,0.001035342924296856,False
/root/autodl-tmp/data/train_few_shot/Class_3/Class_3_025.png,3,3,0.010461009107530117,0.0021093885879963636,0.00029192239162512124,0.9866772890090942,0.0004603818815667182,True
/root/autodl-tmp/data/train_few_shot/Class_3/Class_3_026.png,3,4,0.0006211806903593242,0.3838665783405304,0.0050434996373951435,0.07214558869600296,0.5383231043815613,False
/root/autodl-tmp/data/train_few_shot/Class_3/Class_3_027.png,3,3,0.09963587671518326,0.07931433618068695,0.12400200963020325,0.6963246464729309,0.0007230683695524931,True
/root/autodl-tmp/data/train_few_shot/Class_3/Class_3_028.png,3,3,0.019263597205281258,0.03588659688830376,0.0022438736632466316,0.9414979219436646,0.0011080660624429584,True
/root/autodl-tmp/data/train_few_shot/Class_3/Class_3_029.png,3,3,0.06541981548070908,0.03179343417286873,0.001050011022016406,0.8929223418235779,0.008814423345029354,True
/root/autodl-tmp/data/train_few_shot/Class_3/Class_3_030.png,3,3,0.050021689385175705,0.02028665505349636,0.282395601272583,0.5977198481559753,0.049576207995414734,True
/root/autodl-tmp/data/train_few_shot/Class_3/Class_3_031.png,3,3,0.0007012616260908544,0.004667581990361214,0.0046204193495213985,0.9836245775222778,0.006386158987879753,True
/root/autodl-tmp/data/train_few_shot/Class_3/Class_3_032.png,3,3,0.005009307060390711,0.02081630751490593,0.0034869976807385683,0.9633072018623352,0.007380224764347076,True
/root/autodl-tmp/data/train_few_shot/Class_3/Class_3_033.png,3,2,0.002003838773816824,0.03901350870728493,0.5930845737457275,0.007467517629265785,0.3584305942058563,False
/root/autodl-tmp/data/train_few_shot/Class_3/Class_3_034.png,3,3,0.005388845689594746,0.002968394197523594,0.002312385244295001,0.9866727590560913,0.0026576025411486626,True
/root/autodl-tmp/data/train_few_shot/Class_3/Class_3_035.png,3,2,0.054048802703619,0.0868852362036705,0.6152698397636414,0.19309133291244507,0.05070485174655914,False
/root/autodl-tmp/data/train_few_shot/Class_3/Class_3_036.png,3,2,0.0455271415412426,0.06162119284272194,0.813014566898346,0.07525027543306351,0.004586838651448488,False
/root/autodl-tmp/data/train_few_shot/Class_3/Class_3_037.png,3,3,0.1264083981513977,0.020765384659171104,0.3530285060405731,0.46932509541511536,0.030472666025161743,True
/root/autodl-tmp/data/train_few_shot/Class_3/Class_3_038.png,3,1,0.018457164987921715,0.9338203072547913,0.010709693655371666,0.016937028616666794,0.020075764507055283,False
/root/autodl-tmp/data/train_few_shot/Class_3/Class_3_039.png,3,3,0.0005622489261440933,0.00650165555998683,0.003931124694645405,0.9738186001777649,0.01518637128174305,True
/root/autodl-tmp/data/train_few_shot/Class_3/Class_3_040.png,3,2,0.042033061385154724,0.0032688891515135765,0.869030237197876,0.08427166193723679,0.0013960893265902996,False
/root/autodl-tmp/data/train_few_shot/Class_3/Class_3_041.png,3,3,0.08258511871099472,0.007178600411862135,0.057900138199329376,0.8028178811073303,0.049518223851919174,True
/root/autodl-tmp/data/train_few_shot/Class_3/Class_3_042.png,3,3,0.001694002072326839,0.007939960807561874,0.13161036372184753,0.6510851383209229,0.20767049491405487,True
/root/autodl-tmp/data/train_few_shot/Class_3/Class_3_043.png,3,3,0.0031264193821698427,0.07299478352069855,0.01010877825319767,0.9133700728416443,0.00039997216663323343,True
/root/autodl-tmp/data/train_few_shot/Class_3/Class_3_044.png,3,3,0.014006756246089935,0.09071800112724304,0.005953958258032799,0.8760511875152588,0.013270078226923943,True
/root/autodl-tmp/data/train_few_shot/Class_3/Class_3_045.png,3,1,0.0038584312424063683,0.6098387241363525,0.061722155660390854,0.15607790648937225,0.1685027927160263,False
/root/autodl-tmp/data/train_few_shot/Class_3/Class_3_046.png,3,2,0.028842831030488014,0.0197056382894516,0.4564473628997803,0.06505737453699112,0.42994678020477295,False
/root/autodl-tmp/data/train_few_shot/Class_3/Class_3_047.png,3,3,0.1706550270318985,0.1788918375968933,0.16971109807491302,0.42677298188209534,0.053969044238328934,True
/root/autodl-tmp/data/train_few_shot/Class_3/Class_3_048.png,3,3,0.0020865106489509344,0.023020654916763306,0.013855642639100552,0.9206582307815552,0.04037899896502495,True
/root/autodl-tmp/data/train_few_shot/Class_3/Class_3_049.png,3,3,0.015491663478314877,0.0028717501554638147,0.003856019815430045,0.9760263562202454,0.0017541325651109219,True
/root/autodl-tmp/data/train_few_shot/Class_3/Class_3_050.png,3,3,0.006798058282583952,0.003367268480360508,0.012150987051427364,0.9676937460899353,0.009989888407289982,True
/root/autodl-tmp/data/train_few_shot/Class_4/Class_4_001.png,4,4,0.005410974845290184,0.007407636381685734,0.015442056581377983,0.01855408400297165,0.9531852602958679,True
/root/autodl-tmp/data/train_few_shot/Class_4/Class_4_002.png,4,4,0.26498278975486755,0.003323890268802643,0.07658213376998901,0.02451357990503311,0.6305975914001465,True
/root/autodl-tmp/data/train_few_shot/Class_4/Class_4_003.png,4,4,0.022415298968553543,4.334128971095197e-05,0.00022453011479228735,0.00020136444072704762,0.9771153926849365,True
/root/autodl-tmp/data/train_few_shot/Class_4/Class_4_004.png,4,2,0.009833029471337795,0.04401687532663345,0.7303727269172668,0.043362803757190704,0.17241457104682922,False
/root/autodl-tmp/data/train_few_shot/Class_4/Class_4_005.png,4,2,0.0587906688451767,0.025661595165729523,0.6318272352218628,0.23047983646392822,0.053240641951560974,False
/root/autodl-tmp/data/train_few_shot/Class_4/Class_4_006.png,4,2,0.00491670798510313,0.001468635629862547,0.9533205628395081,0.008129626512527466,0.03216443210840225,False
/root/autodl-tmp/data/train_few_shot/Class_4/Class_4_007.png,4,2,0.19712689518928528,0.02227959968149662,0.5064504146575928,0.0033954905811697245,0.2707476317882538,False
/root/autodl-tmp/data/train_few_shot/Class_4/Class_4_008.png,4,1,0.01267732959240675,0.8867437839508057,0.030828727409243584,0.04803764447569847,0.02171243168413639,False
/root/autodl-tmp/data/train_few_shot/Class_4/Class_4_009.png,4,2,0.10573483258485794,0.02489323727786541,0.8078492283821106,0.022188827395439148,0.03933386132121086,False
/root/autodl-tmp/data/train_few_shot/Class_4/Class_4_010.png,4,4,0.00277341203764081,0.031180644407868385,0.2701124846935272,0.04271460324525833,0.6532189249992371,True
/root/autodl-tmp/data/train_few_shot/Class_4/Class_4_011.png,4,2,0.007537432946264744,0.004801801405847073,0.9727460741996765,0.008909010328352451,0.00600575003772974,False
/root/autodl-tmp/data/train_few_shot/Class_4/Class_4_012.png,4,2,0.0033042391296476126,0.08090197294950485,0.888456404209137,0.014875020831823349,0.012462401762604713,False
/root/autodl-tmp/data/train_few_shot/Class_4/Class_4_013.png,4,4,0.0012929781805723906,0.006510961800813675,0.4612460434436798,0.020505093038082123,0.5104448795318604,True
/root/autodl-tmp/data/train_few_shot/Class_4/Class_4_014.png,4,1,0.004968095570802689,0.4200877547264099,0.3439059257507324,0.14167380332946777,0.08936445415019989,False
/root/autodl-tmp/data/train_few_shot/Class_4/Class_4_015.png,4,4,0.2569986581802368,0.031620364636182785,0.010598541237413883,0.024403344839811325,0.6763790845870972,True
/root/autodl-tmp/data/train_few_shot/Class_4/Class_4_016.png,4,0,0.6908345818519592,0.04812144860625267,0.015196493826806545,0.22390177845954895,0.021945664659142494,False
/root/autodl-tmp/data/train_few_shot/Class_4/Class_4_017.png,4,4,0.08974988758563995,0.019654802978038788,0.19211094081401825,0.058106470853090286,0.6403778791427612,True
/root/autodl-tmp/data/train_few_shot/Class_4/Class_4_018.png,4,4,0.026369908824563026,0.08999678492546082,0.35539013147354126,0.04742252081632614,0.4808206260204315,True
/root/autodl-tmp/data/train_few_shot/Class_4/Class_4_019.png,4,4,0.0010738825658336282,0.008571705780923367,0.0018857043469324708,0.0017541715642437339,0.9867145419120789,True
/root/autodl-tmp/data/train_few_shot/Class_4/Class_4_020.png,4,4,0.000971905654296279,0.2272794097661972,0.26475951075553894,0.0008075743680819869,0.5061816573143005,True
/root/autodl-tmp/data/train_few_shot/Class_4/Class_4_021.png,4,4,0.006191430613398552,0.002661206293851137,0.004173492547124624,0.011221346445381641,0.9757525324821472,True
/root/autodl-tmp/data/train_few_shot/Class_4/Class_4_022.png,4,4,0.005304794758558273,0.22190332412719727,0.1529579907655716,0.011397738941013813,0.6084361672401428,True
/root/autodl-tmp/data/train_few_shot/Class_4/Class_4_023.png,4,2,0.15765945613384247,0.005487111397087574,0.7822445034980774,0.03937937691807747,0.01522953063249588,False
/root/autodl-tmp/data/train_few_shot/Class_4/Class_4_024.png,4,4,0.005773984361439943,0.0016582063399255276,0.0002987190382555127,0.003018221352249384,0.989250898361206,True
/root/autodl-tmp/data/train_few_shot/Class_4/Class_4_025.png,4,4,0.007433870807290077,0.03742975369095802,0.08191922307014465,0.0013330844230949879,0.8718839883804321,True
/root/autodl-tmp/data/train_few_shot/Class_4/Class_4_026.png,4,4,0.0011541987769305706,0.006254928186535835,0.0002610453811939806,0.00017142957949545234,0.9921584129333496,True
/root/autodl-tmp/data/train_few_shot/Class_4/Class_4_027.png,4,4,0.018790950998663902,0.32086044549942017,0.055887382477521896,0.004494605120271444,0.5999666452407837,True
/root/autodl-tmp/data/train_few_shot/Class_4/Class_4_028.png,4,2,0.0008538513211533427,0.01631959155201912,0.8717435002326965,0.001222563092596829,0.10986050218343735,False
/root/autodl-tmp/data/train_few_shot/Class_4/Class_4_029.png,4,4,0.001807288615964353,0.1430628001689911,0.07756543904542923,0.08801209181547165,0.6895523071289062,True
/root/autodl-tmp/data/train_few_shot/Class_4/Class_4_030.png,4,4,0.020010923966765404,0.0009053729008883238,0.1891758143901825,0.0016143289394676685,0.7882936000823975,True
/root/autodl-tmp/data/train_few_shot/Class_4/Class_4_031.png,4,4,0.021491864696145058,0.02103838510811329,0.29131054878234863,0.024677656590938568,0.6414815187454224,True
/root/autodl-tmp/data/train_few_shot/Class_4/Class_4_032.png,4,1,0.005278010852634907,0.8706780076026917,0.00030781282112002373,0.001036585308611393,0.1226995587348938,False
/root/autodl-tmp/data/train_few_shot/Class_4/Class_4_033.png,4,2,0.1508718878030777,0.028141943737864494,0.6195402145385742,0.07893568277359009,0.12251027673482895,False
/root/autodl-tmp/data/train_few_shot/Class_4/Class_4_034.png,4,4,0.08584935963153839,0.08577906340360641,0.008203739300370216,0.02870936505496502,0.7914584279060364,True
/root/autodl-tmp/data/train_few_shot/Class_4/Class_4_035.png,4,4,0.011081578209996223,0.4457920789718628,0.008592464961111546,0.01590663194656372,0.5186272859573364,True
/root/autodl-tmp/data/train_few_shot/Class_4/Class_4_036.png,4,4,0.003110259072855115,0.0039304327219724655,0.011080952361226082,0.004309843294322491,0.977568507194519,True
/root/autodl-tmp/data/train_few_shot/Class_4/Class_4_037.png,4,2,0.060309283435344696,0.08083858340978622,0.7368724942207336,0.017384329810738564,0.10459526628255844,False
/root/autodl-tmp/data/train_few_shot/Class_4/Class_4_038.png,4,4,0.13338448107242584,0.008722901344299316,0.2922055125236511,0.06336532533168793,0.5023217797279358,True
/root/autodl-tmp/data/train_few_shot/Class_4/Class_4_039.png,4,4,0.008401861414313316,0.004232475534081459,0.009501883760094643,0.0021501213777810335,0.9757136106491089,True
/root/autodl-tmp/data/train_few_shot/Class_4/Class_4_040.png,4,4,0.003523963037878275,0.3575451374053955,0.019051600247621536,0.0011411381419748068,0.6187382340431213,True
/root/autodl-tmp/data/train_few_shot/Class_4/Class_4_041.png,4,4,0.0002860559616237879,0.0018726314883679152,0.0035386853851377964,0.001053173327818513,0.9932495355606079,True
/root/autodl-tmp/data/train_few_shot/Class_4/Class_4_042.png,4,4,0.0031115389429032803,0.004392639733850956,0.02816038392484188,0.0081100445240736,0.9562253952026367,True
/root/autodl-tmp/data/train_few_shot/Class_4/Class_4_043.png,4,2,2.9511202228604816e-06,0.00020732579287141562,0.999624490737915,9.362996706840931e-07,0.00016424689965788275,False
/root/autodl-tmp/data/train_few_shot/Class_4/Class_4_044.png,4,4,0.0019601492676883936,0.0036382393445819616,0.025063926354050636,0.00754489004611969,0.9617927074432373,True
/root/autodl-tmp/data/train_few_shot/Class_4/Class_4_045.png,4,4,0.00021900127467233688,0.0003139892069157213,0.0035399324260652065,0.004631674848496914,0.991295337677002,True
/root/autodl-tmp/data/train_few_shot/Class_4/Class_4_046.png,4,4,0.009025364182889462,0.020878305658698082,0.0031510856933891773,0.41963982582092285,0.5473054051399231,True
/root/autodl-tmp/data/train_few_shot/Class_4/Class_4_047.png,4,4,0.08974579721689224,0.014019358903169632,0.021149897947907448,0.06325428187847137,0.8118306398391724,True
/root/autodl-tmp/data/train_few_shot/Class_4/Class_4_048.png,4,4,0.0007233801297843456,0.0770706757903099,0.07161848992109299,0.00520058861002326,0.8453868627548218,True
/root/autodl-tmp/data/train_few_shot/Class_4/Class_4_049.png,4,4,0.2257450819015503,0.005872804205864668,0.314255028963089,0.020688705146312714,0.43343836069107056,True
/root/autodl-tmp/data/train_few_shot/Class_4/Class_4_050.png,4,2,0.011030251160264015,0.0015956261195242405,0.9256542325019836,0.007654106244444847,0.05406586453318596,False
